======================================================================
Starting Lambda Sweep Diagnostics for Sweep ID: 20260915_230741
======================================================================
Traceback (most recent call last):
  File "/usr/project/xtmp/ds541/bellman_error/scripts/lambda_sweep/lambda_sweep_diagnostics.py", line 169, in main
    train_fn = make_train(cfg)
  File "/usr/project/xtmp/ds541/bellman_error/random_policy/exact_td_lambda.py", line 17, in make_train
    base_config["NUM_UPDATES"] = base_config["TOTAL_TIMESTEPS"]
KeyError: 'TOTAL_TIMESTEPS'
Traceback (most recent call last):
  File "/usr/project/xtmp/ds541/bellman_error/scripts/lambda_sweep/lambda_sweep_diagnostics.py", line 169, in main
    train_fn = make_train(cfg)
  File "/usr/project/xtmp/ds541/bellman_error/random_policy/exact_td_lambda.py", line 17, in make_train
    base_config["NUM_UPDATES"] = base_config["TOTAL_TIMESTEPS"]
KeyError: 'TOTAL_TIMESTEPS'
Traceback (most recent call last):
  File "/usr/project/xtmp/ds541/bellman_error/scripts/lambda_sweep/lambda_sweep_diagnostics.py", line 169, in main
    train_fn = make_train(cfg)
  File "/usr/project/xtmp/ds541/bellman_error/random_policy/exact_td_lambda.py", line 17, in make_train
    base_config["NUM_UPDATES"] = base_config["TOTAL_TIMESTEPS"]
KeyError: 'TOTAL_TIMESTEPS'
Traceback (most recent call last):
  File "/usr/project/xtmp/ds541/bellman_error/scripts/lambda_sweep/lambda_sweep_diagnostics.py", line 169, in main
    train_fn = make_train(cfg)
  File "/usr/project/xtmp/ds541/bellman_error/random_policy/exact_td_lambda.py", line 17, in make_train
    base_config["NUM_UPDATES"] = base_config["TOTAL_TIMESTEPS"]
KeyError: 'TOTAL_TIMESTEPS'
Traceback (most recent call last):
  File "/usr/project/xtmp/ds541/bellman_error/scripts/lambda_sweep/lambda_sweep_diagnostics.py", line 169, in main
    train_fn = make_train(cfg)
  File "/usr/project/xtmp/ds541/bellman_error/random_policy/exact_td_lambda.py", line 17, in make_train
    base_config["NUM_UPDATES"] = base_config["TOTAL_TIMESTEPS"]
KeyError: 'TOTAL_TIMESTEPS'
Traceback (most recent call last):
  File "/usr/project/xtmp/ds541/bellman_error/scripts/lambda_sweep/lambda_sweep_diagnostics.py", line 169, in main
    train_fn = make_train(cfg)
  File "/usr/project/xtmp/ds541/bellman_error/random_policy/exact_E_lambda.py", line 18, in make_train
    base_config["NUM_UPDATES"] = base_config["TOTAL_TIMESTEPS"]
KeyError: 'TOTAL_TIMESTEPS'
Traceback (most recent call last):
  File "/usr/project/xtmp/ds541/bellman_error/scripts/lambda_sweep/lambda_sweep_diagnostics.py", line 169, in main
    train_fn = make_train(cfg)
  File "/usr/project/xtmp/ds541/bellman_error/random_policy/exact_E_lambda.py", line 18, in make_train
    base_config["NUM_UPDATES"] = base_config["TOTAL_TIMESTEPS"]
KeyError: 'TOTAL_TIMESTEPS'
Traceback (most recent call last):
  File "/usr/project/xtmp/ds541/bellman_error/scripts/lambda_sweep/lambda_sweep_diagnostics.py", line 169, in main
    train_fn = make_train(cfg)
  File "/usr/project/xtmp/ds541/bellman_error/random_policy/exact_E_lambda.py", line 18, in make_train
    base_config["NUM_UPDATES"] = base_config["TOTAL_TIMESTEPS"]
KeyError: 'TOTAL_TIMESTEPS'
Traceback (most recent call last):
  File "/usr/project/xtmp/ds541/bellman_error/scripts/lambda_sweep/lambda_sweep_diagnostics.py", line 169, in main
    train_fn = make_train(cfg)
  File "/usr/project/xtmp/ds541/bellman_error/random_policy/exact_E_lambda.py", line 18, in make_train
    base_config["NUM_UPDATES"] = base_config["TOTAL_TIMESTEPS"]
KeyError: 'TOTAL_TIMESTEPS'
Traceback (most recent call last):
  File "/usr/project/xtmp/ds541/bellman_error/scripts/lambda_sweep/lambda_sweep_diagnostics.py", line 169, in main
    train_fn = make_train(cfg)
  File "/usr/project/xtmp/ds541/bellman_error/random_policy/exact_E_lambda.py", line 18, in make_train
    base_config["NUM_UPDATES"] = base_config["TOTAL_TIMESTEPS"]
KeyError: 'TOTAL_TIMESTEPS'
Traceback (most recent call last):
  File "/usr/project/xtmp/ds541/bellman_error/scripts/lambda_sweep/lambda_sweep_diagnostics.py", line 169, in main
    train_fn = make_train(cfg)
  File "/usr/project/xtmp/ds541/bellman_error/fixed_policy/exact_E_lambda.py", line 17, in make_train
    base_config["NUM_UPDATES"] = base_config["TOTAL_TIMESTEPS"]
KeyError: 'TOTAL_TIMESTEPS'
Traceback (most recent call last):
  File "/usr/project/xtmp/ds541/bellman_error/scripts/lambda_sweep/lambda_sweep_diagnostics.py", line 169, in main
    train_fn = make_train(cfg)
  File "/usr/project/xtmp/ds541/bellman_error/fixed_policy/exact_td_lambda.py", line 16, in make_train
    base_config["NUM_UPDATES"] = base_config["TOTAL_TIMESTEPS"]
KeyError: 'TOTAL_TIMESTEPS'
Traceback (most recent call last):
  File "/usr/project/xtmp/ds541/bellman_error/scripts/lambda_sweep/lambda_sweep_diagnostics.py", line 169, in main
    train_fn = make_train(cfg)
  File "/usr/project/xtmp/ds541/bellman_error/fixed_policy/exact_td_lambda.py", line 16, in make_train
    base_config["NUM_UPDATES"] = base_config["TOTAL_TIMESTEPS"]
KeyError: 'TOTAL_TIMESTEPS'
Traceback (most recent call last):
  File "/usr/project/xtmp/ds541/bellman_error/scripts/lambda_sweep/lambda_sweep_diagnostics.py", line 169, in main
    train_fn = make_train(cfg)
  File "/usr/project/xtmp/ds541/bellman_error/fixed_policy/exact_E_lambda.py", line 17, in make_train
    base_config["NUM_UPDATES"] = base_config["TOTAL_TIMESTEPS"]
KeyError: 'TOTAL_TIMESTEPS'
Traceback (most recent call last):
  File "/usr/project/xtmp/ds541/bellman_error/scripts/lambda_sweep/lambda_sweep_diagnostics.py", line 169, in main
    train_fn = make_train(cfg)
  File "/usr/project/xtmp/ds541/bellman_error/fixed_policy/exact_td_lambda.py", line 16, in make_train
    base_config["NUM_UPDATES"] = base_config["TOTAL_TIMESTEPS"]
KeyError: 'TOTAL_TIMESTEPS'
Traceback (most recent call last):
  File "/usr/project/xtmp/ds541/bellman_error/scripts/lambda_sweep/lambda_sweep_diagnostics.py", line 169, in main
    train_fn = make_train(cfg)
  File "/usr/project/xtmp/ds541/bellman_error/fixed_policy/exact_E_lambda.py", line 17, in make_train
    base_config["NUM_UPDATES"] = base_config["TOTAL_TIMESTEPS"]
KeyError: 'TOTAL_TIMESTEPS'
Traceback (most recent call last):
  File "/usr/project/xtmp/ds541/bellman_error/scripts/lambda_sweep/lambda_sweep_diagnostics.py", line 169, in main
    train_fn = make_train(cfg)
  File "/usr/project/xtmp/ds541/bellman_error/fixed_policy/exact_td_lambda.py", line 16, in make_train
    base_config["NUM_UPDATES"] = base_config["TOTAL_TIMESTEPS"]
KeyError: 'TOTAL_TIMESTEPS'
Traceback (most recent call last):
  File "/usr/project/xtmp/ds541/bellman_error/scripts/lambda_sweep/lambda_sweep_diagnostics.py", line 169, in main
    train_fn = make_train(cfg)
  File "/usr/project/xtmp/ds541/bellman_error/fixed_policy/exact_E_lambda.py", line 17, in make_train
    base_config["NUM_UPDATES"] = base_config["TOTAL_TIMESTEPS"]
KeyError: 'TOTAL_TIMESTEPS'
Traceback (most recent call last):
  File "/usr/project/xtmp/ds541/bellman_error/scripts/lambda_sweep/lambda_sweep_diagnostics.py", line 169, in main
    train_fn = make_train(cfg)
  File "/usr/project/xtmp/ds541/bellman_error/fixed_policy/exact_td_lambda.py", line 16, in make_train
    base_config["NUM_UPDATES"] = base_config["TOTAL_TIMESTEPS"]
KeyError: 'TOTAL_TIMESTEPS'
Traceback (most recent call last):
  File "/usr/project/xtmp/ds541/bellman_error/scripts/lambda_sweep/lambda_sweep_diagnostics.py", line 169, in main
    train_fn = make_train(cfg)
  File "/usr/project/xtmp/ds541/bellman_error/fixed_policy/exact_E_lambda.py", line 17, in make_train
    base_config["NUM_UPDATES"] = base_config["TOTAL_TIMESTEPS"]
KeyError: 'TOTAL_TIMESTEPS'
Traceback (most recent call last):
  File "/usr/project/xtmp/ds541/bellman_error/scripts/lambda_sweep/lambda_sweep_diagnostics.py", line 169, in main
    train_fn = make_train(cfg)
  File "/usr/project/xtmp/ds541/bellman_error/ppo/exact_td_lambda.py", line 22, in make_train
    base_config["NUM_UPDATES"] = base_config["TOTAL_TIMESTEPS"]
KeyError: 'TOTAL_TIMESTEPS'
Traceback (most recent call last):
  File "/usr/project/xtmp/ds541/bellman_error/scripts/lambda_sweep/lambda_sweep_diagnostics.py", line 169, in main
    train_fn = make_train(cfg)
  File "/usr/project/xtmp/ds541/bellman_error/ppo/exact_E_lambda.py", line 22, in make_train
    base_config["NUM_UPDATES"] = base_config["TOTAL_TIMESTEPS"]
KeyError: 'TOTAL_TIMESTEPS'
Traceback (most recent call last):
  File "/usr/project/xtmp/ds541/bellman_error/scripts/lambda_sweep/lambda_sweep_diagnostics.py", line 169, in main
    train_fn = make_train(cfg)
  File "/usr/project/xtmp/ds541/bellman_error/ppo/exact_td_lambda.py", line 22, in make_train
    base_config["NUM_UPDATES"] = base_config["TOTAL_TIMESTEPS"]
KeyError: 'TOTAL_TIMESTEPS'
Traceback (most recent call last):
  File "/usr/project/xtmp/ds541/bellman_error/scripts/lambda_sweep/lambda_sweep_diagnostics.py", line 169, in main
    train_fn = make_train(cfg)
  File "/usr/project/xtmp/ds541/bellman_error/ppo/exact_E_lambda.py", line 22, in make_train
    base_config["NUM_UPDATES"] = base_config["TOTAL_TIMESTEPS"]
KeyError: 'TOTAL_TIMESTEPS'
Traceback (most recent call last):
  File "/usr/project/xtmp/ds541/bellman_error/scripts/lambda_sweep/lambda_sweep_diagnostics.py", line 169, in main
    train_fn = make_train(cfg)
  File "/usr/project/xtmp/ds541/bellman_error/ppo/exact_td_lambda.py", line 22, in make_train
    base_config["NUM_UPDATES"] = base_config["TOTAL_TIMESTEPS"]
KeyError: 'TOTAL_TIMESTEPS'
Traceback (most recent call last):
  File "/usr/project/xtmp/ds541/bellman_error/scripts/lambda_sweep/lambda_sweep_diagnostics.py", line 169, in main
    train_fn = make_train(cfg)
  File "/usr/project/xtmp/ds541/bellman_error/ppo/exact_E_lambda.py", line 22, in make_train
    base_config["NUM_UPDATES"] = base_config["TOTAL_TIMESTEPS"]
KeyError: 'TOTAL_TIMESTEPS'
Traceback (most recent call last):
  File "/usr/project/xtmp/ds541/bellman_error/scripts/lambda_sweep/lambda_sweep_diagnostics.py", line 169, in main
    train_fn = make_train(cfg)
  File "/usr/project/xtmp/ds541/bellman_error/ppo/exact_td_lambda.py", line 22, in make_train
    base_config["NUM_UPDATES"] = base_config["TOTAL_TIMESTEPS"]
KeyError: 'TOTAL_TIMESTEPS'
Traceback (most recent call last):
  File "/usr/project/xtmp/ds541/bellman_error/scripts/lambda_sweep/lambda_sweep_diagnostics.py", line 169, in main
    train_fn = make_train(cfg)
  File "/usr/project/xtmp/ds541/bellman_error/ppo/exact_E_lambda.py", line 22, in make_train
    base_config["NUM_UPDATES"] = base_config["TOTAL_TIMESTEPS"]
KeyError: 'TOTAL_TIMESTEPS'
Traceback (most recent call last):
  File "/usr/project/xtmp/ds541/bellman_error/scripts/lambda_sweep/lambda_sweep_diagnostics.py", line 169, in main
    train_fn = make_train(cfg)
  File "/usr/project/xtmp/ds541/bellman_error/ppo/exact_td_lambda.py", line 22, in make_train
    base_config["NUM_UPDATES"] = base_config["TOTAL_TIMESTEPS"]
KeyError: 'TOTAL_TIMESTEPS'
Traceback (most recent call last):
  File "/usr/project/xtmp/ds541/bellman_error/scripts/lambda_sweep/lambda_sweep_diagnostics.py", line 169, in main
    train_fn = make_train(cfg)
  File "/usr/project/xtmp/ds541/bellman_error/ppo/exact_E_lambda.py", line 22, in make_train
    base_config["NUM_UPDATES"] = base_config["TOTAL_TIMESTEPS"]
KeyError: 'TOTAL_TIMESTEPS'
Traceback (most recent call last):
  File "/usr/project/xtmp/ds541/bellman_error/scripts/lambda_sweep/lambda_sweep_diagnostics.py", line 169, in main
    train_fn = make_train(cfg)
  File "/usr/project/xtmp/ds541/bellman_error/fixed_policy/exact_td_lambda.py", line 16, in make_train
    base_config["NUM_UPDATES"] = base_config["TOTAL_TIMESTEPS"]
KeyError: 'TOTAL_TIMESTEPS'
Traceback (most recent call last):
  File "/usr/project/xtmp/ds541/bellman_error/scripts/lambda_sweep/lambda_sweep_diagnostics.py", line 169, in main
    train_fn = make_train(cfg)
  File "/usr/project/xtmp/ds541/bellman_error/fixed_policy/exact_E_lambda.py", line 17, in make_train
    base_config["NUM_UPDATES"] = base_config["TOTAL_TIMESTEPS"]
KeyError: 'TOTAL_TIMESTEPS'
Traceback (most recent call last):
  File "/usr/project/xtmp/ds541/bellman_error/scripts/lambda_sweep/lambda_sweep_diagnostics.py", line 169, in main
    train_fn = make_train(cfg)
  File "/usr/project/xtmp/ds541/bellman_error/fixed_policy/exact_td_lambda.py", line 16, in make_train
    base_config["NUM_UPDATES"] = base_config["TOTAL_TIMESTEPS"]
KeyError: 'TOTAL_TIMESTEPS'
Traceback (most recent call last):
  File "/usr/project/xtmp/ds541/bellman_error/scripts/lambda_sweep/lambda_sweep_diagnostics.py", line 169, in main
    train_fn = make_train(cfg)
  File "/usr/project/xtmp/ds541/bellman_error/fixed_policy/exact_td_lambda.py", line 16, in make_train
    base_config["NUM_UPDATES"] = base_config["TOTAL_TIMESTEPS"]
KeyError: 'TOTAL_TIMESTEPS'
Traceback (most recent call last):
  File "/usr/project/xtmp/ds541/bellman_error/scripts/lambda_sweep/lambda_sweep_diagnostics.py", line 169, in main
    train_fn = make_train(cfg)
  File "/usr/project/xtmp/ds541/bellman_error/fixed_policy/exact_E_lambda.py", line 17, in make_train
    base_config["NUM_UPDATES"] = base_config["TOTAL_TIMESTEPS"]
KeyError: 'TOTAL_TIMESTEPS'
Traceback (most recent call last):
  File "/usr/project/xtmp/ds541/bellman_error/scripts/lambda_sweep/lambda_sweep_diagnostics.py", line 169, in main
    train_fn = make_train(cfg)
  File "/usr/project/xtmp/ds541/bellman_error/fixed_policy/exact_td_lambda.py", line 16, in make_train
    base_config["NUM_UPDATES"] = base_config["TOTAL_TIMESTEPS"]
KeyError: 'TOTAL_TIMESTEPS'
Traceback (most recent call last):
  File "/usr/project/xtmp/ds541/bellman_error/scripts/lambda_sweep/lambda_sweep_diagnostics.py", line 169, in main
    train_fn = make_train(cfg)
  File "/usr/project/xtmp/ds541/bellman_error/fixed_policy/exact_E_lambda.py", line 17, in make_train
    base_config["NUM_UPDATES"] = base_config["TOTAL_TIMESTEPS"]
KeyError: 'TOTAL_TIMESTEPS'
Traceback (most recent call last):
  File "/usr/project/xtmp/ds541/bellman_error/scripts/lambda_sweep/lambda_sweep_diagnostics.py", line 169, in main
    train_fn = make_train(cfg)
  File "/usr/project/xtmp/ds541/bellman_error/fixed_policy/exact_td_lambda.py", line 16, in make_train
    base_config["NUM_UPDATES"] = base_config["TOTAL_TIMESTEPS"]
KeyError: 'TOTAL_TIMESTEPS'
Traceback (most recent call last):
  File "/usr/project/xtmp/ds541/bellman_error/scripts/lambda_sweep/lambda_sweep_diagnostics.py", line 169, in main
    train_fn = make_train(cfg)
  File "/usr/project/xtmp/ds541/bellman_error/fixed_policy/exact_E_lambda.py", line 17, in make_train
    base_config["NUM_UPDATES"] = base_config["TOTAL_TIMESTEPS"]
KeyError: 'TOTAL_TIMESTEPS'
Traceback (most recent call last):
  File "/usr/project/xtmp/ds541/bellman_error/scripts/lambda_sweep/lambda_sweep_diagnostics.py", line 169, in main
    train_fn = make_train(cfg)
  File "/usr/project/xtmp/ds541/bellman_error/fixed_policy/exact_E_lambda.py", line 17, in make_train
    base_config["NUM_UPDATES"] = base_config["TOTAL_TIMESTEPS"]
KeyError: 'TOTAL_TIMESTEPS'
Traceback (most recent call last):
  File "/usr/project/xtmp/ds541/bellman_error/scripts/lambda_sweep/lambda_sweep_diagnostics.py", line 169, in main
    train_fn = make_train(cfg)
  File "/usr/project/xtmp/ds541/bellman_error/random_policy/exact_td_lambda.py", line 17, in make_train
    base_config["NUM_UPDATES"] = base_config["TOTAL_TIMESTEPS"]
KeyError: 'TOTAL_TIMESTEPS'
Traceback (most recent call last):
  File "/usr/project/xtmp/ds541/bellman_error/scripts/lambda_sweep/lambda_sweep_diagnostics.py", line 169, in main
    train_fn = make_train(cfg)
  File "/usr/project/xtmp/ds541/bellman_error/random_policy/exact_td_lambda.py", line 17, in make_train
    base_config["NUM_UPDATES"] = base_config["TOTAL_TIMESTEPS"]
KeyError: 'TOTAL_TIMESTEPS'
Traceback (most recent call last):
  File "/usr/project/xtmp/ds541/bellman_error/scripts/lambda_sweep/lambda_sweep_diagnostics.py", line 169, in main
    train_fn = make_train(cfg)
  File "/usr/project/xtmp/ds541/bellman_error/random_policy/exact_td_lambda.py", line 17, in make_train
    base_config["NUM_UPDATES"] = base_config["TOTAL_TIMESTEPS"]
KeyError: 'TOTAL_TIMESTEPS'
Traceback (most recent call last):
  File "/usr/project/xtmp/ds541/bellman_error/scripts/lambda_sweep/lambda_sweep_diagnostics.py", line 169, in main
    train_fn = make_train(cfg)
  File "/usr/project/xtmp/ds541/bellman_error/random_policy/exact_E_lambda.py", line 18, in make_train
    base_config["NUM_UPDATES"] = base_config["TOTAL_TIMESTEPS"]
KeyError: 'TOTAL_TIMESTEPS'
Traceback (most recent call last):
  File "/usr/project/xtmp/ds541/bellman_error/scripts/lambda_sweep/lambda_sweep_diagnostics.py", line 169, in main
    train_fn = make_train(cfg)
  File "/usr/project/xtmp/ds541/bellman_error/random_policy/exact_td_lambda.py", line 17, in make_train
    base_config["NUM_UPDATES"] = base_config["TOTAL_TIMESTEPS"]
KeyError: 'TOTAL_TIMESTEPS'
Traceback (most recent call last):
  File "/usr/project/xtmp/ds541/bellman_error/scripts/lambda_sweep/lambda_sweep_diagnostics.py", line 169, in main
    train_fn = make_train(cfg)
  File "/usr/project/xtmp/ds541/bellman_error/random_policy/exact_td_lambda.py", line 17, in make_train
    base_config["NUM_UPDATES"] = base_config["TOTAL_TIMESTEPS"]
KeyError: 'TOTAL_TIMESTEPS'
Traceback (most recent call last):
  File "/usr/project/xtmp/ds541/bellman_error/scripts/lambda_sweep/lambda_sweep_diagnostics.py", line 169, in main
    train_fn = make_train(cfg)
  File "/usr/project/xtmp/ds541/bellman_error/random_policy/exact_E_lambda.py", line 18, in make_train
    base_config["NUM_UPDATES"] = base_config["TOTAL_TIMESTEPS"]
KeyError: 'TOTAL_TIMESTEPS'
Traceback (most recent call last):
  File "/usr/project/xtmp/ds541/bellman_error/scripts/lambda_sweep/lambda_sweep_diagnostics.py", line 169, in main
    train_fn = make_train(cfg)
  File "/usr/project/xtmp/ds541/bellman_error/random_policy/exact_E_lambda.py", line 18, in make_train
    base_config["NUM_UPDATES"] = base_config["TOTAL_TIMESTEPS"]
KeyError: 'TOTAL_TIMESTEPS'
Traceback (most recent call last):
  File "/usr/project/xtmp/ds541/bellman_error/scripts/lambda_sweep/lambda_sweep_diagnostics.py", line 169, in main
    train_fn = make_train(cfg)
  File "/usr/project/xtmp/ds541/bellman_error/random_policy/exact_E_lambda.py", line 18, in make_train
    base_config["NUM_UPDATES"] = base_config["TOTAL_TIMESTEPS"]
KeyError: 'TOTAL_TIMESTEPS'
Traceback (most recent call last):
  File "/usr/project/xtmp/ds541/bellman_error/scripts/lambda_sweep/lambda_sweep_diagnostics.py", line 169, in main
    train_fn = make_train(cfg)
  File "/usr/project/xtmp/ds541/bellman_error/random_policy/exact_E_lambda.py", line 18, in make_train
    base_config["NUM_UPDATES"] = base_config["TOTAL_TIMESTEPS"]
KeyError: 'TOTAL_TIMESTEPS'
Traceback (most recent call last):
  File "/usr/project/xtmp/ds541/bellman_error/scripts/lambda_sweep/lambda_sweep_diagnostics.py", line 169, in main
    train_fn = make_train(cfg)
  File "/usr/project/xtmp/ds541/bellman_error/ppo/exact_td_lambda.py", line 22, in make_train
    base_config["NUM_UPDATES"] = base_config["TOTAL_TIMESTEPS"]
KeyError: 'TOTAL_TIMESTEPS'
Traceback (most recent call last):
  File "/usr/project/xtmp/ds541/bellman_error/scripts/lambda_sweep/lambda_sweep_diagnostics.py", line 169, in main
    train_fn = make_train(cfg)
  File "/usr/project/xtmp/ds541/bellman_error/ppo/exact_td_lambda.py", line 22, in make_train
    base_config["NUM_UPDATES"] = base_config["TOTAL_TIMESTEPS"]
KeyError: 'TOTAL_TIMESTEPS'
Traceback (most recent call last):
  File "/usr/project/xtmp/ds541/bellman_error/scripts/lambda_sweep/lambda_sweep_diagnostics.py", line 169, in main
    train_fn = make_train(cfg)
  File "/usr/project/xtmp/ds541/bellman_error/ppo/exact_E_lambda.py", line 22, in make_train
    base_config["NUM_UPDATES"] = base_config["TOTAL_TIMESTEPS"]
KeyError: 'TOTAL_TIMESTEPS'
Traceback (most recent call last):
  File "/usr/project/xtmp/ds541/bellman_error/scripts/lambda_sweep/lambda_sweep_diagnostics.py", line 169, in main
    train_fn = make_train(cfg)
  File "/usr/project/xtmp/ds541/bellman_error/ppo/exact_td_lambda.py", line 22, in make_train
    base_config["NUM_UPDATES"] = base_config["TOTAL_TIMESTEPS"]
KeyError: 'TOTAL_TIMESTEPS'
Traceback (most recent call last):
  File "/usr/project/xtmp/ds541/bellman_error/scripts/lambda_sweep/lambda_sweep_diagnostics.py", line 169, in main
    train_fn = make_train(cfg)
  File "/usr/project/xtmp/ds541/bellman_error/ppo/exact_E_lambda.py", line 22, in make_train
    base_config["NUM_UPDATES"] = base_config["TOTAL_TIMESTEPS"]
KeyError: 'TOTAL_TIMESTEPS'
Traceback (most recent call last):
  File "/usr/project/xtmp/ds541/bellman_error/scripts/lambda_sweep/lambda_sweep_diagnostics.py", line 169, in main
    train_fn = make_train(cfg)
  File "/usr/project/xtmp/ds541/bellman_error/ppo/exact_td_lambda.py", line 22, in make_train
    base_config["NUM_UPDATES"] = base_config["TOTAL_TIMESTEPS"]
KeyError: 'TOTAL_TIMESTEPS'
Traceback (most recent call last):
  File "/usr/project/xtmp/ds541/bellman_error/scripts/lambda_sweep/lambda_sweep_diagnostics.py", line 169, in main
    train_fn = make_train(cfg)
  File "/usr/project/xtmp/ds541/bellman_error/ppo/exact_E_lambda.py", line 22, in make_train
    base_config["NUM_UPDATES"] = base_config["TOTAL_TIMESTEPS"]
KeyError: 'TOTAL_TIMESTEPS'
Traceback (most recent call last):
  File "/usr/project/xtmp/ds541/bellman_error/scripts/lambda_sweep/lambda_sweep_diagnostics.py", line 169, in main
    train_fn = make_train(cfg)
  File "/usr/project/xtmp/ds541/bellman_error/ppo/exact_td_lambda.py", line 22, in make_train
    base_config["NUM_UPDATES"] = base_config["TOTAL_TIMESTEPS"]
KeyError: 'TOTAL_TIMESTEPS'
Traceback (most recent call last):
  File "/usr/project/xtmp/ds541/bellman_error/scripts/lambda_sweep/lambda_sweep_diagnostics.py", line 169, in main
    train_fn = make_train(cfg)
  File "/usr/project/xtmp/ds541/bellman_error/ppo/exact_E_lambda.py", line 22, in make_train
    base_config["NUM_UPDATES"] = base_config["TOTAL_TIMESTEPS"]
KeyError: 'TOTAL_TIMESTEPS'
Traceback (most recent call last):
  File "/usr/project/xtmp/ds541/bellman_error/scripts/lambda_sweep/lambda_sweep_diagnostics.py", line 169, in main
    train_fn = make_train(cfg)
  File "/usr/project/xtmp/ds541/bellman_error/ppo/exact_E_lambda.py", line 22, in make_train
    base_config["NUM_UPDATES"] = base_config["TOTAL_TIMESTEPS"]
KeyError: 'TOTAL_TIMESTEPS'
Traceback (most recent call last):
  File "/usr/project/xtmp/ds541/bellman_error/scripts/lambda_sweep/lambda_sweep_diagnostics.py", line 169, in main
    train_fn = make_train(cfg)
  File "/usr/project/xtmp/ds541/bellman_error/fixed_policy/exact_td_lambda.py", line 16, in make_train
    base_config["NUM_UPDATES"] = base_config["TOTAL_TIMESTEPS"]
KeyError: 'TOTAL_TIMESTEPS'
Traceback (most recent call last):
  File "/usr/project/xtmp/ds541/bellman_error/scripts/lambda_sweep/lambda_sweep_diagnostics.py", line 169, in main
    train_fn = make_train(cfg)
  File "/usr/project/xtmp/ds541/bellman_error/fixed_policy/exact_E_lambda.py", line 17, in make_train
    base_config["NUM_UPDATES"] = base_config["TOTAL_TIMESTEPS"]
KeyError: 'TOTAL_TIMESTEPS'
Traceback (most recent call last):
  File "/usr/project/xtmp/ds541/bellman_error/scripts/lambda_sweep/lambda_sweep_diagnostics.py", line 169, in main
    train_fn = make_train(cfg)
  File "/usr/project/xtmp/ds541/bellman_error/fixed_policy/exact_td_lambda.py", line 16, in make_train
    base_config["NUM_UPDATES"] = base_config["TOTAL_TIMESTEPS"]
KeyError: 'TOTAL_TIMESTEPS'
Traceback (most recent call last):
  File "/usr/project/xtmp/ds541/bellman_error/scripts/lambda_sweep/lambda_sweep_diagnostics.py", line 169, in main
    train_fn = make_train(cfg)
  File "/usr/project/xtmp/ds541/bellman_error/fixed_policy/exact_td_lambda.py", line 16, in make_train
    base_config["NUM_UPDATES"] = base_config["TOTAL_TIMESTEPS"]
KeyError: 'TOTAL_TIMESTEPS'
Traceback (most recent call last):
  File "/usr/project/xtmp/ds541/bellman_error/scripts/lambda_sweep/lambda_sweep_diagnostics.py", line 169, in main
    train_fn = make_train(cfg)
  File "/usr/project/xtmp/ds541/bellman_error/fixed_policy/exact_E_lambda.py", line 17, in make_train
    base_config["NUM_UPDATES"] = base_config["TOTAL_TIMESTEPS"]
KeyError: 'TOTAL_TIMESTEPS'
Traceback (most recent call last):
  File "/usr/project/xtmp/ds541/bellman_error/scripts/lambda_sweep/lambda_sweep_diagnostics.py", line 169, in main
    train_fn = make_train(cfg)
  File "/usr/project/xtmp/ds541/bellman_error/fixed_policy/exact_td_lambda.py", line 16, in make_train
    base_config["NUM_UPDATES"] = base_config["TOTAL_TIMESTEPS"]
KeyError: 'TOTAL_TIMESTEPS'
Traceback (most recent call last):
  File "/usr/project/xtmp/ds541/bellman_error/scripts/lambda_sweep/lambda_sweep_diagnostics.py", line 169, in main
    train_fn = make_train(cfg)
  File "/usr/project/xtmp/ds541/bellman_error/fixed_policy/exact_E_lambda.py", line 17, in make_train
    base_config["NUM_UPDATES"] = base_config["TOTAL_TIMESTEPS"]
KeyError: 'TOTAL_TIMESTEPS'
Traceback (most recent call last):
  File "/usr/project/xtmp/ds541/bellman_error/scripts/lambda_sweep/lambda_sweep_diagnostics.py", line 169, in main
    train_fn = make_train(cfg)
  File "/usr/project/xtmp/ds541/bellman_error/fixed_policy/exact_td_lambda.py", line 16, in make_train
    base_config["NUM_UPDATES"] = base_config["TOTAL_TIMESTEPS"]
KeyError: 'TOTAL_TIMESTEPS'
Traceback (most recent call last):
  File "/usr/project/xtmp/ds541/bellman_error/scripts/lambda_sweep/lambda_sweep_diagnostics.py", line 169, in main
    train_fn = make_train(cfg)
  File "/usr/project/xtmp/ds541/bellman_error/fixed_policy/exact_E_lambda.py", line 17, in make_train
    base_config["NUM_UPDATES"] = base_config["TOTAL_TIMESTEPS"]
KeyError: 'TOTAL_TIMESTEPS'
Traceback (most recent call last):
  File "/usr/project/xtmp/ds541/bellman_error/scripts/lambda_sweep/lambda_sweep_diagnostics.py", line 169, in main
    train_fn = make_train(cfg)
  File "/usr/project/xtmp/ds541/bellman_error/fixed_policy/exact_E_lambda.py", line 17, in make_train
    base_config["NUM_UPDATES"] = base_config["TOTAL_TIMESTEPS"]
KeyError: 'TOTAL_TIMESTEPS'
Traceback (most recent call last):
  File "/usr/project/xtmp/ds541/bellman_error/scripts/lambda_sweep/lambda_sweep_diagnostics.py", line 169, in main
    train_fn = make_train(cfg)
  File "/usr/project/xtmp/ds541/bellman_error/random_policy/exact_td_lambda.py", line 17, in make_train
    base_config["NUM_UPDATES"] = base_config["TOTAL_TIMESTEPS"]
KeyError: 'TOTAL_TIMESTEPS'
Traceback (most recent call last):
  File "/usr/project/xtmp/ds541/bellman_error/scripts/lambda_sweep/lambda_sweep_diagnostics.py", line 169, in main
    train_fn = make_train(cfg)
  File "/usr/project/xtmp/ds541/bellman_error/random_policy/exact_E_lambda.py", line 18, in make_train
    base_config["NUM_UPDATES"] = base_config["TOTAL_TIMESTEPS"]
KeyError: 'TOTAL_TIMESTEPS'
Traceback (most recent call last):
  File "/usr/project/xtmp/ds541/bellman_error/scripts/lambda_sweep/lambda_sweep_diagnostics.py", line 169, in main
    train_fn = make_train(cfg)
  File "/usr/project/xtmp/ds541/bellman_error/random_policy/exact_td_lambda.py", line 17, in make_train
    base_config["NUM_UPDATES"] = base_config["TOTAL_TIMESTEPS"]
KeyError: 'TOTAL_TIMESTEPS'
Traceback (most recent call last):
  File "/usr/project/xtmp/ds541/bellman_error/scripts/lambda_sweep/lambda_sweep_diagnostics.py", line 169, in main
    train_fn = make_train(cfg)
  File "/usr/project/xtmp/ds541/bellman_error/random_policy/exact_td_lambda.py", line 17, in make_train
    base_config["NUM_UPDATES"] = base_config["TOTAL_TIMESTEPS"]
KeyError: 'TOTAL_TIMESTEPS'
Traceback (most recent call last):
  File "/usr/project/xtmp/ds541/bellman_error/scripts/lambda_sweep/lambda_sweep_diagnostics.py", line 169, in main
    train_fn = make_train(cfg)
  File "/usr/project/xtmp/ds541/bellman_error/random_policy/exact_E_lambda.py", line 18, in make_train
    base_config["NUM_UPDATES"] = base_config["TOTAL_TIMESTEPS"]
KeyError: 'TOTAL_TIMESTEPS'
Traceback (most recent call last):
  File "/usr/project/xtmp/ds541/bellman_error/scripts/lambda_sweep/lambda_sweep_diagnostics.py", line 169, in main
    train_fn = make_train(cfg)
  File "/usr/project/xtmp/ds541/bellman_error/random_policy/exact_td_lambda.py", line 17, in make_train
    base_config["NUM_UPDATES"] = base_config["TOTAL_TIMESTEPS"]
KeyError: 'TOTAL_TIMESTEPS'
Traceback (most recent call last):
  File "/usr/project/xtmp/ds541/bellman_error/scripts/lambda_sweep/lambda_sweep_diagnostics.py", line 169, in main
    train_fn = make_train(cfg)
  File "/usr/project/xtmp/ds541/bellman_error/random_policy/exact_E_lambda.py", line 18, in make_train
    base_config["NUM_UPDATES"] = base_config["TOTAL_TIMESTEPS"]
KeyError: 'TOTAL_TIMESTEPS'
Traceback (most recent call last):
  File "/usr/project/xtmp/ds541/bellman_error/scripts/lambda_sweep/lambda_sweep_diagnostics.py", line 169, in main
    train_fn = make_train(cfg)
  File "/usr/project/xtmp/ds541/bellman_error/random_policy/exact_td_lambda.py", line 17, in make_train
    base_config["NUM_UPDATES"] = base_config["TOTAL_TIMESTEPS"]
KeyError: 'TOTAL_TIMESTEPS'
Traceback (most recent call last):
  File "/usr/project/xtmp/ds541/bellman_error/scripts/lambda_sweep/lambda_sweep_diagnostics.py", line 169, in main
    train_fn = make_train(cfg)
  File "/usr/project/xtmp/ds541/bellman_error/random_policy/exact_E_lambda.py", line 18, in make_train
    base_config["NUM_UPDATES"] = base_config["TOTAL_TIMESTEPS"]
KeyError: 'TOTAL_TIMESTEPS'
Traceback (most recent call last):
  File "/usr/project/xtmp/ds541/bellman_error/scripts/lambda_sweep/lambda_sweep_diagnostics.py", line 169, in main
    train_fn = make_train(cfg)
  File "/usr/project/xtmp/ds541/bellman_error/random_policy/exact_E_lambda.py", line 18, in make_train
    base_config["NUM_UPDATES"] = base_config["TOTAL_TIMESTEPS"]
KeyError: 'TOTAL_TIMESTEPS'
Traceback (most recent call last):
  File "/usr/project/xtmp/ds541/bellman_error/scripts/lambda_sweep/lambda_sweep_diagnostics.py", line 169, in main
    train_fn = make_train(cfg)
  File "/usr/project/xtmp/ds541/bellman_error/ppo/exact_td_lambda.py", line 22, in make_train
    base_config["NUM_UPDATES"] = base_config["TOTAL_TIMESTEPS"]
KeyError: 'TOTAL_TIMESTEPS'
Traceback (most recent call last):
  File "/usr/project/xtmp/ds541/bellman_error/scripts/lambda_sweep/lambda_sweep_diagnostics.py", line 169, in main
    train_fn = make_train(cfg)
  File "/usr/project/xtmp/ds541/bellman_error/ppo/exact_E_lambda.py", line 22, in make_train
    base_config["NUM_UPDATES"] = base_config["TOTAL_TIMESTEPS"]
KeyError: 'TOTAL_TIMESTEPS'
Traceback (most recent call last):
  File "/usr/project/xtmp/ds541/bellman_error/scripts/lambda_sweep/lambda_sweep_diagnostics.py", line 169, in main
    train_fn = make_train(cfg)
  File "/usr/project/xtmp/ds541/bellman_error/ppo/exact_td_lambda.py", line 22, in make_train
    base_config["NUM_UPDATES"] = base_config["TOTAL_TIMESTEPS"]
KeyError: 'TOTAL_TIMESTEPS'
Traceback (most recent call last):
  File "/usr/project/xtmp/ds541/bellman_error/scripts/lambda_sweep/lambda_sweep_diagnostics.py", line 169, in main
    train_fn = make_train(cfg)
  File "/usr/project/xtmp/ds541/bellman_error/ppo/exact_E_lambda.py", line 22, in make_train
    base_config["NUM_UPDATES"] = base_config["TOTAL_TIMESTEPS"]
KeyError: 'TOTAL_TIMESTEPS'
Traceback (most recent call last):
  File "/usr/project/xtmp/ds541/bellman_error/scripts/lambda_sweep/lambda_sweep_diagnostics.py", line 169, in main
    train_fn = make_train(cfg)
  File "/usr/project/xtmp/ds541/bellman_error/ppo/exact_td_lambda.py", line 22, in make_train
    base_config["NUM_UPDATES"] = base_config["TOTAL_TIMESTEPS"]
KeyError: 'TOTAL_TIMESTEPS'
Traceback (most recent call last):
  File "/usr/project/xtmp/ds541/bellman_error/scripts/lambda_sweep/lambda_sweep_diagnostics.py", line 169, in main
    train_fn = make_train(cfg)
  File "/usr/project/xtmp/ds541/bellman_error/ppo/exact_E_lambda.py", line 22, in make_train
    base_config["NUM_UPDATES"] = base_config["TOTAL_TIMESTEPS"]
KeyError: 'TOTAL_TIMESTEPS'
Traceback (most recent call last):
  File "/usr/project/xtmp/ds541/bellman_error/scripts/lambda_sweep/lambda_sweep_diagnostics.py", line 169, in main
    train_fn = make_train(cfg)
  File "/usr/project/xtmp/ds541/bellman_error/ppo/exact_td_lambda.py", line 22, in make_train
    base_config["NUM_UPDATES"] = base_config["TOTAL_TIMESTEPS"]
KeyError: 'TOTAL_TIMESTEPS'
Traceback (most recent call last):
  File "/usr/project/xtmp/ds541/bellman_error/scripts/lambda_sweep/lambda_sweep_diagnostics.py", line 169, in main
    train_fn = make_train(cfg)
  File "/usr/project/xtmp/ds541/bellman_error/ppo/exact_E_lambda.py", line 22, in make_train
    base_config["NUM_UPDATES"] = base_config["TOTAL_TIMESTEPS"]
KeyError: 'TOTAL_TIMESTEPS'
Traceback (most recent call last):
  File "/usr/project/xtmp/ds541/bellman_error/scripts/lambda_sweep/lambda_sweep_diagnostics.py", line 169, in main
    train_fn = make_train(cfg)
  File "/usr/project/xtmp/ds541/bellman_error/ppo/exact_td_lambda.py", line 22, in make_train
    base_config["NUM_UPDATES"] = base_config["TOTAL_TIMESTEPS"]
KeyError: 'TOTAL_TIMESTEPS'
Traceback (most recent call last):
  File "/usr/project/xtmp/ds541/bellman_error/scripts/lambda_sweep/lambda_sweep_diagnostics.py", line 169, in main
    train_fn = make_train(cfg)
  File "/usr/project/xtmp/ds541/bellman_error/ppo/exact_E_lambda.py", line 22, in make_train
    base_config["NUM_UPDATES"] = base_config["TOTAL_TIMESTEPS"]
KeyError: 'TOTAL_TIMESTEPS'
Traceback (most recent call last):
  File "/usr/project/xtmp/ds541/bellman_error/scripts/lambda_sweep/lambda_sweep_diagnostics.py", line 169, in main
    train_fn = make_train(cfg)
  File "/usr/project/xtmp/ds541/bellman_error/fixed_policy/exact_td_lambda.py", line 16, in make_train
    base_config["NUM_UPDATES"] = base_config["TOTAL_TIMESTEPS"]
KeyError: 'TOTAL_TIMESTEPS'
Traceback (most recent call last):
  File "/usr/project/xtmp/ds541/bellman_error/scripts/lambda_sweep/lambda_sweep_diagnostics.py", line 169, in main
    train_fn = make_train(cfg)
  File "/usr/project/xtmp/ds541/bellman_error/fixed_policy/exact_E_lambda.py", line 17, in make_train
    base_config["NUM_UPDATES"] = base_config["TOTAL_TIMESTEPS"]
KeyError: 'TOTAL_TIMESTEPS'
Traceback (most recent call last):
  File "/usr/project/xtmp/ds541/bellman_error/scripts/lambda_sweep/lambda_sweep_diagnostics.py", line 169, in main
    train_fn = make_train(cfg)
  File "/usr/project/xtmp/ds541/bellman_error/fixed_policy/exact_td_lambda.py", line 16, in make_train
    base_config["NUM_UPDATES"] = base_config["TOTAL_TIMESTEPS"]
KeyError: 'TOTAL_TIMESTEPS'
Traceback (most recent call last):
  File "/usr/project/xtmp/ds541/bellman_error/scripts/lambda_sweep/lambda_sweep_diagnostics.py", line 169, in main
    train_fn = make_train(cfg)
  File "/usr/project/xtmp/ds541/bellman_error/fixed_policy/exact_td_lambda.py", line 16, in make_train
    base_config["NUM_UPDATES"] = base_config["TOTAL_TIMESTEPS"]
KeyError: 'TOTAL_TIMESTEPS'
Traceback (most recent call last):
  File "/usr/project/xtmp/ds541/bellman_error/scripts/lambda_sweep/lambda_sweep_diagnostics.py", line 169, in main
    train_fn = make_train(cfg)
  File "/usr/project/xtmp/ds541/bellman_error/fixed_policy/exact_E_lambda.py", line 17, in make_train
    base_config["NUM_UPDATES"] = base_config["TOTAL_TIMESTEPS"]
KeyError: 'TOTAL_TIMESTEPS'
Traceback (most recent call last):
  File "/usr/project/xtmp/ds541/bellman_error/scripts/lambda_sweep/lambda_sweep_diagnostics.py", line 169, in main
    train_fn = make_train(cfg)
  File "/usr/project/xtmp/ds541/bellman_error/fixed_policy/exact_td_lambda.py", line 16, in make_train
    base_config["NUM_UPDATES"] = base_config["TOTAL_TIMESTEPS"]
KeyError: 'TOTAL_TIMESTEPS'
Traceback (most recent call last):
  File "/usr/project/xtmp/ds541/bellman_error/scripts/lambda_sweep/lambda_sweep_diagnostics.py", line 169, in main
    train_fn = make_train(cfg)
  File "/usr/project/xtmp/ds541/bellman_error/fixed_policy/exact_E_lambda.py", line 17, in make_train
    base_config["NUM_UPDATES"] = base_config["TOTAL_TIMESTEPS"]
KeyError: 'TOTAL_TIMESTEPS'
Traceback (most recent call last):
  File "/usr/project/xtmp/ds541/bellman_error/scripts/lambda_sweep/lambda_sweep_diagnostics.py", line 169, in main
    train_fn = make_train(cfg)
  File "/usr/project/xtmp/ds541/bellman_error/fixed_policy/exact_td_lambda.py", line 16, in make_train
    base_config["NUM_UPDATES"] = base_config["TOTAL_TIMESTEPS"]
KeyError: 'TOTAL_TIMESTEPS'
Traceback (most recent call last):
  File "/usr/project/xtmp/ds541/bellman_error/scripts/lambda_sweep/lambda_sweep_diagnostics.py", line 169, in main
    train_fn = make_train(cfg)
  File "/usr/project/xtmp/ds541/bellman_error/fixed_policy/exact_E_lambda.py", line 17, in make_train
    base_config["NUM_UPDATES"] = base_config["TOTAL_TIMESTEPS"]
KeyError: 'TOTAL_TIMESTEPS'
Traceback (most recent call last):
  File "/usr/project/xtmp/ds541/bellman_error/scripts/lambda_sweep/lambda_sweep_diagnostics.py", line 169, in main
    train_fn = make_train(cfg)
  File "/usr/project/xtmp/ds541/bellman_error/fixed_policy/exact_E_lambda.py", line 17, in make_train
    base_config["NUM_UPDATES"] = base_config["TOTAL_TIMESTEPS"]
KeyError: 'TOTAL_TIMESTEPS'
Traceback (most recent call last):
  File "/usr/project/xtmp/ds541/bellman_error/scripts/lambda_sweep/lambda_sweep_diagnostics.py", line 169, in main
    train_fn = make_train(cfg)
  File "/usr/project/xtmp/ds541/bellman_error/random_policy/exact_td_lambda.py", line 17, in make_train
    base_config["NUM_UPDATES"] = base_config["TOTAL_TIMESTEPS"]
KeyError: 'TOTAL_TIMESTEPS'
Traceback (most recent call last):
  File "/usr/project/xtmp/ds541/bellman_error/scripts/lambda_sweep/lambda_sweep_diagnostics.py", line 169, in main
    train_fn = make_train(cfg)
  File "/usr/project/xtmp/ds541/bellman_error/random_policy/exact_E_lambda.py", line 18, in make_train
    base_config["NUM_UPDATES"] = base_config["TOTAL_TIMESTEPS"]
KeyError: 'TOTAL_TIMESTEPS'
Traceback (most recent call last):
  File "/usr/project/xtmp/ds541/bellman_error/scripts/lambda_sweep/lambda_sweep_diagnostics.py", line 169, in main
    train_fn = make_train(cfg)
  File "/usr/project/xtmp/ds541/bellman_error/random_policy/exact_td_lambda.py", line 17, in make_train
    base_config["NUM_UPDATES"] = base_config["TOTAL_TIMESTEPS"]
KeyError: 'TOTAL_TIMESTEPS'
Traceback (most recent call last):
  File "/usr/project/xtmp/ds541/bellman_error/scripts/lambda_sweep/lambda_sweep_diagnostics.py", line 169, in main
    train_fn = make_train(cfg)
  File "/usr/project/xtmp/ds541/bellman_error/random_policy/exact_td_lambda.py", line 17, in make_train
    base_config["NUM_UPDATES"] = base_config["TOTAL_TIMESTEPS"]
KeyError: 'TOTAL_TIMESTEPS'
Traceback (most recent call last):
  File "/usr/project/xtmp/ds541/bellman_error/scripts/lambda_sweep/lambda_sweep_diagnostics.py", line 169, in main
    train_fn = make_train(cfg)
  File "/usr/project/xtmp/ds541/bellman_error/random_policy/exact_E_lambda.py", line 18, in make_train
    base_config["NUM_UPDATES"] = base_config["TOTAL_TIMESTEPS"]
KeyError: 'TOTAL_TIMESTEPS'
Traceback (most recent call last):
  File "/usr/project/xtmp/ds541/bellman_error/scripts/lambda_sweep/lambda_sweep_diagnostics.py", line 169, in main
    train_fn = make_train(cfg)
  File "/usr/project/xtmp/ds541/bellman_error/random_policy/exact_td_lambda.py", line 17, in make_train
    base_config["NUM_UPDATES"] = base_config["TOTAL_TIMESTEPS"]
KeyError: 'TOTAL_TIMESTEPS'
Traceback (most recent call last):
  File "/usr/project/xtmp/ds541/bellman_error/scripts/lambda_sweep/lambda_sweep_diagnostics.py", line 169, in main
    train_fn = make_train(cfg)
  File "/usr/project/xtmp/ds541/bellman_error/random_policy/exact_E_lambda.py", line 18, in make_train
    base_config["NUM_UPDATES"] = base_config["TOTAL_TIMESTEPS"]
KeyError: 'TOTAL_TIMESTEPS'
Traceback (most recent call last):
  File "/usr/project/xtmp/ds541/bellman_error/scripts/lambda_sweep/lambda_sweep_diagnostics.py", line 169, in main
    train_fn = make_train(cfg)
  File "/usr/project/xtmp/ds541/bellman_error/random_policy/exact_td_lambda.py", line 17, in make_train
    base_config["NUM_UPDATES"] = base_config["TOTAL_TIMESTEPS"]
KeyError: 'TOTAL_TIMESTEPS'
Traceback (most recent call last):
  File "/usr/project/xtmp/ds541/bellman_error/scripts/lambda_sweep/lambda_sweep_diagnostics.py", line 169, in main
    train_fn = make_train(cfg)
  File "/usr/project/xtmp/ds541/bellman_error/random_policy/exact_E_lambda.py", line 18, in make_train
    base_config["NUM_UPDATES"] = base_config["TOTAL_TIMESTEPS"]
KeyError: 'TOTAL_TIMESTEPS'
Traceback (most recent call last):
  File "/usr/project/xtmp/ds541/bellman_error/scripts/lambda_sweep/lambda_sweep_diagnostics.py", line 169, in main
    train_fn = make_train(cfg)
  File "/usr/project/xtmp/ds541/bellman_error/random_policy/exact_E_lambda.py", line 18, in make_train
    base_config["NUM_UPDATES"] = base_config["TOTAL_TIMESTEPS"]
KeyError: 'TOTAL_TIMESTEPS'
Traceback (most recent call last):
  File "/usr/project/xtmp/ds541/bellman_error/scripts/lambda_sweep/lambda_sweep_diagnostics.py", line 169, in main
    train_fn = make_train(cfg)
  File "/usr/project/xtmp/ds541/bellman_error/ppo/exact_td_lambda.py", line 22, in make_train
    base_config["NUM_UPDATES"] = base_config["TOTAL_TIMESTEPS"]
KeyError: 'TOTAL_TIMESTEPS'
Traceback (most recent call last):
  File "/usr/project/xtmp/ds541/bellman_error/scripts/lambda_sweep/lambda_sweep_diagnostics.py", line 169, in main
    train_fn = make_train(cfg)
  File "/usr/project/xtmp/ds541/bellman_error/ppo/exact_E_lambda.py", line 22, in make_train
    base_config["NUM_UPDATES"] = base_config["TOTAL_TIMESTEPS"]
KeyError: 'TOTAL_TIMESTEPS'
Traceback (most recent call last):
  File "/usr/project/xtmp/ds541/bellman_error/scripts/lambda_sweep/lambda_sweep_diagnostics.py", line 169, in main
    train_fn = make_train(cfg)
  File "/usr/project/xtmp/ds541/bellman_error/ppo/exact_td_lambda.py", line 22, in make_train
    base_config["NUM_UPDATES"] = base_config["TOTAL_TIMESTEPS"]
KeyError: 'TOTAL_TIMESTEPS'
Traceback (most recent call last):
  File "/usr/project/xtmp/ds541/bellman_error/scripts/lambda_sweep/lambda_sweep_diagnostics.py", line 169, in main
    train_fn = make_train(cfg)
  File "/usr/project/xtmp/ds541/bellman_error/ppo/exact_E_lambda.py", line 22, in make_train
    base_config["NUM_UPDATES"] = base_config["TOTAL_TIMESTEPS"]
KeyError: 'TOTAL_TIMESTEPS'
Traceback (most recent call last):
  File "/usr/project/xtmp/ds541/bellman_error/scripts/lambda_sweep/lambda_sweep_diagnostics.py", line 169, in main
    train_fn = make_train(cfg)
  File "/usr/project/xtmp/ds541/bellman_error/ppo/exact_td_lambda.py", line 22, in make_train
    base_config["NUM_UPDATES"] = base_config["TOTAL_TIMESTEPS"]
KeyError: 'TOTAL_TIMESTEPS'
Traceback (most recent call last):
  File "/usr/project/xtmp/ds541/bellman_error/scripts/lambda_sweep/lambda_sweep_diagnostics.py", line 169, in main
    train_fn = make_train(cfg)
  File "/usr/project/xtmp/ds541/bellman_error/ppo/exact_E_lambda.py", line 22, in make_train
    base_config["NUM_UPDATES"] = base_config["TOTAL_TIMESTEPS"]
KeyError: 'TOTAL_TIMESTEPS'
Traceback (most recent call last):
  File "/usr/project/xtmp/ds541/bellman_error/scripts/lambda_sweep/lambda_sweep_diagnostics.py", line 169, in main
    train_fn = make_train(cfg)
  File "/usr/project/xtmp/ds541/bellman_error/ppo/exact_td_lambda.py", line 22, in make_train
    base_config["NUM_UPDATES"] = base_config["TOTAL_TIMESTEPS"]
KeyError: 'TOTAL_TIMESTEPS'
Traceback (most recent call last):
  File "/usr/project/xtmp/ds541/bellman_error/scripts/lambda_sweep/lambda_sweep_diagnostics.py", line 169, in main
    train_fn = make_train(cfg)
  File "/usr/project/xtmp/ds541/bellman_error/ppo/exact_E_lambda.py", line 22, in make_train
    base_config["NUM_UPDATES"] = base_config["TOTAL_TIMESTEPS"]
KeyError: 'TOTAL_TIMESTEPS'
Traceback (most recent call last):
  File "/usr/project/xtmp/ds541/bellman_error/scripts/lambda_sweep/lambda_sweep_diagnostics.py", line 169, in main
    train_fn = make_train(cfg)
  File "/usr/project/xtmp/ds541/bellman_error/ppo/exact_td_lambda.py", line 22, in make_train
    base_config["NUM_UPDATES"] = base_config["TOTAL_TIMESTEPS"]
KeyError: 'TOTAL_TIMESTEPS'
Traceback (most recent call last):
  File "/usr/project/xtmp/ds541/bellman_error/scripts/lambda_sweep/lambda_sweep_diagnostics.py", line 169, in main
    train_fn = make_train(cfg)
  File "/usr/project/xtmp/ds541/bellman_error/ppo/exact_E_lambda.py", line 22, in make_train
    base_config["NUM_UPDATES"] = base_config["TOTAL_TIMESTEPS"]
KeyError: 'TOTAL_TIMESTEPS'
================================================================================
Analyzing Task: Env=EightRooms | Policy=random
Comparison summary saved to results/lambda_sweep/20260915_230741/EightRooms/random/comparison/comparison_summary.csv
Summary generated for EightRooms/random
Comparison plot saved to results/lambda_sweep/20260915_230741/EightRooms/random/comparison/lambda_comparison_plot.png
Plot saved to results/lambda_sweep/20260915_230741/EightRooms/random/comparison/lambda_comparison_plot.png
Generating diagnostic GIFs for best configs...
  -> Rolling out exact_td_lambda_0.0 for GIF...
Failed to generate GIF for exact_td_lambda_0.0: 'TOTAL_TIMESTEPS'
  -> Rolling out exact_td_lambda_0.5 for GIF...
Failed to generate GIF for exact_td_lambda_0.5: 'TOTAL_TIMESTEPS'
  -> Rolling out exact_td_lambda_0.9 for GIF...
Failed to generate GIF for exact_td_lambda_0.9: 'TOTAL_TIMESTEPS'
  -> Rolling out exact_td_lambda_0.95 for GIF...
Failed to generate GIF for exact_td_lambda_0.95: 'TOTAL_TIMESTEPS'
  -> Rolling out exact_td_lambda_0.99 for GIF...
Failed to generate GIF for exact_td_lambda_0.99: 'TOTAL_TIMESTEPS'
  -> Rolling out exact_E_lambda_0.0 for GIF...
Failed to generate GIF for exact_E_lambda_0.0: 'TOTAL_TIMESTEPS'
  -> Rolling out exact_E_lambda_0.5 for GIF...
Failed to generate GIF for exact_E_lambda_0.5: 'TOTAL_TIMESTEPS'
  -> Rolling out exact_E_lambda_0.9 for GIF...
Failed to generate GIF for exact_E_lambda_0.9: 'TOTAL_TIMESTEPS'
  -> Rolling out exact_E_lambda_0.95 for GIF...
Failed to generate GIF for exact_E_lambda_0.95: 'TOTAL_TIMESTEPS'
  -> Rolling out exact_E_lambda_0.99 for GIF...
Failed to generate GIF for exact_E_lambda_0.99: 'TOTAL_TIMESTEPS'
================================================================================
Analyzing Task: Env=EightRooms | Policy=fixed
Comparison summary saved to results/lambda_sweep/20260915_230741/EightRooms/fixed/comparison/comparison_summary.csv
Summary generated for EightRooms/fixed
Comparison plot saved to results/lambda_sweep/20260915_230741/EightRooms/fixed/comparison/lambda_comparison_plot.png
Plot saved to results/lambda_sweep/20260915_230741/EightRooms/fixed/comparison/lambda_comparison_plot.png
Generating diagnostic GIFs for best configs...
  -> Rolling out exact_E_lambda_0.0 for GIF...
Failed to generate GIF for exact_E_lambda_0.0: 'TOTAL_TIMESTEPS'
  -> Rolling out exact_td_lambda_0.0 for GIF...
Failed to generate GIF for exact_td_lambda_0.0: 'TOTAL_TIMESTEPS'
  -> Rolling out exact_td_lambda_0.5 for GIF...
Failed to generate GIF for exact_td_lambda_0.5: 'TOTAL_TIMESTEPS'
  -> Rolling out exact_E_lambda_0.5 for GIF...
Failed to generate GIF for exact_E_lambda_0.5: 'TOTAL_TIMESTEPS'
  -> Rolling out exact_td_lambda_0.9 for GIF...
Failed to generate GIF for exact_td_lambda_0.9: 'TOTAL_TIMESTEPS'
  -> Rolling out exact_E_lambda_0.9 for GIF...
Failed to generate GIF for exact_E_lambda_0.9: 'TOTAL_TIMESTEPS'
  -> Rolling out exact_td_lambda_0.95 for GIF...
Failed to generate GIF for exact_td_lambda_0.95: 'TOTAL_TIMESTEPS'
  -> Rolling out exact_E_lambda_0.95 for GIF...
Failed to generate GIF for exact_E_lambda_0.95: 'TOTAL_TIMESTEPS'
  -> Rolling out exact_td_lambda_0.99 for GIF...
Failed to generate GIF for exact_td_lambda_0.99: 'TOTAL_TIMESTEPS'
  -> Rolling out exact_E_lambda_0.99 for GIF...
Failed to generate GIF for exact_E_lambda_0.99: 'TOTAL_TIMESTEPS'
================================================================================
Analyzing Task: Env=EightRooms | Policy=ppo
Error summarizing exact_td_lambda_0.0: "Metric 'v_start' not found in metrics. Available: ['E', 'E_local', 'Mean_A', 'V_start', 'actor_loss', 'entropy', 'mu_tv', 'nn_advantage_cossim', 'nn_advantage_cossim_uniform', 'nn_advantage_mse', 'nn_advantage_mse_uniform', 'nn_greedy_correct', 'nn_greedy_performance', 'nn_weighted_BE', 'nn_weighted_Bellman_Orthogonal_Portion', 'nn_weighted_PBE', 'nn_weighted_VE', 'policy_tv', 'policy_tv_max', 'policy_tv_on_policy', 'stat_dist_error', 'state_coverage', 'state_entropy_coverage', 'total_loss', 'v_pred_start', 'value_loss']"
Error summarizing exact_E_lambda_0.0: "Metric 'v_start' not found in metrics. Available: ['E', 'E_local', 'Mean_A', 'V_start', 'actor_loss', 'entropy', 'mu_tv', 'nn_advantage_cossim', 'nn_advantage_cossim_uniform', 'nn_advantage_mse', 'nn_advantage_mse_uniform', 'nn_greedy_correct', 'nn_greedy_performance', 'nn_weighted_BE', 'nn_weighted_Bellman_Orthogonal_Portion', 'nn_weighted_PBE', 'nn_weighted_VE', 'policy_tv', 'policy_tv_max', 'policy_tv_on_policy', 'stat_dist_error', 'state_coverage', 'state_entropy_coverage', 'total_loss', 'v_pred_start', 'value_loss']"
Error summarizing exact_td_lambda_0.5: "Metric 'v_start' not found in metrics. Available: ['E', 'E_local', 'Mean_A', 'V_start', 'actor_loss', 'entropy', 'mu_tv', 'nn_advantage_cossim', 'nn_advantage_cossim_uniform', 'nn_advantage_mse', 'nn_advantage_mse_uniform', 'nn_greedy_correct', 'nn_greedy_performance', 'nn_weighted_BE', 'nn_weighted_Bellman_Orthogonal_Portion', 'nn_weighted_PBE', 'nn_weighted_VE', 'policy_tv', 'policy_tv_max', 'policy_tv_on_policy', 'stat_dist_error', 'state_coverage', 'state_entropy_coverage', 'total_loss', 'v_pred_start', 'value_loss']"
Error summarizing exact_E_lambda_0.5: "Metric 'v_start' not found in metrics. Available: ['E', 'E_local', 'Mean_A', 'V_start', 'actor_loss', 'entropy', 'mu_tv', 'nn_advantage_cossim', 'nn_advantage_cossim_uniform', 'nn_advantage_mse', 'nn_advantage_mse_uniform', 'nn_greedy_correct', 'nn_greedy_performance', 'nn_weighted_BE', 'nn_weighted_Bellman_Orthogonal_Portion', 'nn_weighted_PBE', 'nn_weighted_VE', 'policy_tv', 'policy_tv_max', 'policy_tv_on_policy', 'stat_dist_error', 'state_coverage', 'state_entropy_coverage', 'total_loss', 'v_pred_start', 'value_loss']"
Error summarizing exact_td_lambda_0.9: "Metric 'v_start' not found in metrics. Available: ['E', 'E_local', 'Mean_A', 'V_start', 'actor_loss', 'entropy', 'mu_tv', 'nn_advantage_cossim', 'nn_advantage_cossim_uniform', 'nn_advantage_mse', 'nn_advantage_mse_uniform', 'nn_greedy_correct', 'nn_greedy_performance', 'nn_weighted_BE', 'nn_weighted_Bellman_Orthogonal_Portion', 'nn_weighted_PBE', 'nn_weighted_VE', 'policy_tv', 'policy_tv_max', 'policy_tv_on_policy', 'stat_dist_error', 'state_coverage', 'state_entropy_coverage', 'total_loss', 'v_pred_start', 'value_loss']"
Error summarizing exact_E_lambda_0.9: "Metric 'v_start' not found in metrics. Available: ['E', 'E_local', 'Mean_A', 'V_start', 'actor_loss', 'entropy', 'mu_tv', 'nn_advantage_cossim', 'nn_advantage_cossim_uniform', 'nn_advantage_mse', 'nn_advantage_mse_uniform', 'nn_greedy_correct', 'nn_greedy_performance', 'nn_weighted_BE', 'nn_weighted_Bellman_Orthogonal_Portion', 'nn_weighted_PBE', 'nn_weighted_VE', 'policy_tv', 'policy_tv_max', 'policy_tv_on_policy', 'stat_dist_error', 'state_coverage', 'state_entropy_coverage', 'total_loss', 'v_pred_start', 'value_loss']"
Error summarizing exact_td_lambda_0.95: "Metric 'v_start' not found in metrics. Available: ['E', 'E_local', 'Mean_A', 'V_start', 'actor_loss', 'entropy', 'mu_tv', 'nn_advantage_cossim', 'nn_advantage_cossim_uniform', 'nn_advantage_mse', 'nn_advantage_mse_uniform', 'nn_greedy_correct', 'nn_greedy_performance', 'nn_weighted_BE', 'nn_weighted_Bellman_Orthogonal_Portion', 'nn_weighted_PBE', 'nn_weighted_VE', 'policy_tv', 'policy_tv_max', 'policy_tv_on_policy', 'stat_dist_error', 'state_coverage', 'state_entropy_coverage', 'total_loss', 'v_pred_start', 'value_loss']"
Error summarizing exact_E_lambda_0.95: "Metric 'v_start' not found in metrics. Available: ['E', 'E_local', 'Mean_A', 'V_start', 'actor_loss', 'entropy', 'mu_tv', 'nn_advantage_cossim', 'nn_advantage_cossim_uniform', 'nn_advantage_mse', 'nn_advantage_mse_uniform', 'nn_greedy_correct', 'nn_greedy_performance', 'nn_weighted_BE', 'nn_weighted_Bellman_Orthogonal_Portion', 'nn_weighted_PBE', 'nn_weighted_VE', 'policy_tv', 'policy_tv_max', 'policy_tv_on_policy', 'stat_dist_error', 'state_coverage', 'state_entropy_coverage', 'total_loss', 'v_pred_start', 'value_loss']"
Error summarizing exact_td_lambda_0.99: "Metric 'v_start' not found in metrics. Available: ['E', 'E_local', 'Mean_A', 'V_start', 'actor_loss', 'entropy', 'mu_tv', 'nn_advantage_cossim', 'nn_advantage_cossim_uniform', 'nn_advantage_mse', 'nn_advantage_mse_uniform', 'nn_greedy_correct', 'nn_greedy_performance', 'nn_weighted_BE', 'nn_weighted_Bellman_Orthogonal_Portion', 'nn_weighted_PBE', 'nn_weighted_VE', 'policy_tv', 'policy_tv_max', 'policy_tv_on_policy', 'stat_dist_error', 'state_coverage', 'state_entropy_coverage', 'total_loss', 'v_pred_start', 'value_loss']"
Error summarizing exact_E_lambda_0.99: "Metric 'v_start' not found in metrics. Available: ['E', 'E_local', 'Mean_A', 'V_start', 'actor_loss', 'entropy', 'mu_tv', 'nn_advantage_cossim', 'nn_advantage_cossim_uniform', 'nn_advantage_mse', 'nn_advantage_mse_uniform', 'nn_greedy_correct', 'nn_greedy_performance', 'nn_weighted_BE', 'nn_weighted_Bellman_Orthogonal_Portion', 'nn_weighted_PBE', 'nn_weighted_VE', 'policy_tv', 'policy_tv_max', 'policy_tv_on_policy', 'stat_dist_error', 'state_coverage', 'state_entropy_coverage', 'total_loss', 'v_pred_start', 'value_loss']"
Comparison summary saved to results/lambda_sweep/20260915_230741/EightRooms/ppo/comparison/comparison_summary.csv
Summary generated for EightRooms/ppo
Could not load/extract best configuration for exact_td_lambda_0.0: "Metric 'v_start' not found in metrics. Available: ['E', 'E_local', 'Mean_A', 'V_start', 'actor_loss', 'entropy', 'mu_tv', 'nn_advantage_cossim', 'nn_advantage_cossim_uniform', 'nn_advantage_mse', 'nn_advantage_mse_uniform', 'nn_greedy_correct', 'nn_greedy_performance', 'nn_weighted_BE', 'nn_weighted_Bellman_Orthogonal_Portion', 'nn_weighted_PBE', 'nn_weighted_VE', 'policy_tv', 'policy_tv_max', 'policy_tv_on_policy', 'stat_dist_error', 'state_coverage', 'state_entropy_coverage', 'total_loss', 'v_pred_start', 'value_loss']"
Could not load/extract best configuration for exact_E_lambda_0.0: "Metric 'v_start' not found in metrics. Available: ['E', 'E_local', 'Mean_A', 'V_start', 'actor_loss', 'entropy', 'mu_tv', 'nn_advantage_cossim', 'nn_advantage_cossim_uniform', 'nn_advantage_mse', 'nn_advantage_mse_uniform', 'nn_greedy_correct', 'nn_greedy_performance', 'nn_weighted_BE', 'nn_weighted_Bellman_Orthogonal_Portion', 'nn_weighted_PBE', 'nn_weighted_VE', 'policy_tv', 'policy_tv_max', 'policy_tv_on_policy', 'stat_dist_error', 'state_coverage', 'state_entropy_coverage', 'total_loss', 'v_pred_start', 'value_loss']"
Could not load/extract best configuration for exact_td_lambda_0.5: "Metric 'v_start' not found in metrics. Available: ['E', 'E_local', 'Mean_A', 'V_start', 'actor_loss', 'entropy', 'mu_tv', 'nn_advantage_cossim', 'nn_advantage_cossim_uniform', 'nn_advantage_mse', 'nn_advantage_mse_uniform', 'nn_greedy_correct', 'nn_greedy_performance', 'nn_weighted_BE', 'nn_weighted_Bellman_Orthogonal_Portion', 'nn_weighted_PBE', 'nn_weighted_VE', 'policy_tv', 'policy_tv_max', 'policy_tv_on_policy', 'stat_dist_error', 'state_coverage', 'state_entropy_coverage', 'total_loss', 'v_pred_start', 'value_loss']"
Could not load/extract best configuration for exact_E_lambda_0.5: "Metric 'v_start' not found in metrics. Available: ['E', 'E_local', 'Mean_A', 'V_start', 'actor_loss', 'entropy', 'mu_tv', 'nn_advantage_cossim', 'nn_advantage_cossim_uniform', 'nn_advantage_mse', 'nn_advantage_mse_uniform', 'nn_greedy_correct', 'nn_greedy_performance', 'nn_weighted_BE', 'nn_weighted_Bellman_Orthogonal_Portion', 'nn_weighted_PBE', 'nn_weighted_VE', 'policy_tv', 'policy_tv_max', 'policy_tv_on_policy', 'stat_dist_error', 'state_coverage', 'state_entropy_coverage', 'total_loss', 'v_pred_start', 'value_loss']"
Could not load/extract best configuration for exact_td_lambda_0.9: "Metric 'v_start' not found in metrics. Available: ['E', 'E_local', 'Mean_A', 'V_start', 'actor_loss', 'entropy', 'mu_tv', 'nn_advantage_cossim', 'nn_advantage_cossim_uniform', 'nn_advantage_mse', 'nn_advantage_mse_uniform', 'nn_greedy_correct', 'nn_greedy_performance', 'nn_weighted_BE', 'nn_weighted_Bellman_Orthogonal_Portion', 'nn_weighted_PBE', 'nn_weighted_VE', 'policy_tv', 'policy_tv_max', 'policy_tv_on_policy', 'stat_dist_error', 'state_coverage', 'state_entropy_coverage', 'total_loss', 'v_pred_start', 'value_loss']"
Could not load/extract best configuration for exact_E_lambda_0.9: "Metric 'v_start' not found in metrics. Available: ['E', 'E_local', 'Mean_A', 'V_start', 'actor_loss', 'entropy', 'mu_tv', 'nn_advantage_cossim', 'nn_advantage_cossim_uniform', 'nn_advantage_mse', 'nn_advantage_mse_uniform', 'nn_greedy_correct', 'nn_greedy_performance', 'nn_weighted_BE', 'nn_weighted_Bellman_Orthogonal_Portion', 'nn_weighted_PBE', 'nn_weighted_VE', 'policy_tv', 'policy_tv_max', 'policy_tv_on_policy', 'stat_dist_error', 'state_coverage', 'state_entropy_coverage', 'total_loss', 'v_pred_start', 'value_loss']"
Could not load/extract best configuration for exact_td_lambda_0.95: "Metric 'v_start' not found in metrics. Available: ['E', 'E_local', 'Mean_A', 'V_start', 'actor_loss', 'entropy', 'mu_tv', 'nn_advantage_cossim', 'nn_advantage_cossim_uniform', 'nn_advantage_mse', 'nn_advantage_mse_uniform', 'nn_greedy_correct', 'nn_greedy_performance', 'nn_weighted_BE', 'nn_weighted_Bellman_Orthogonal_Portion', 'nn_weighted_PBE', 'nn_weighted_VE', 'policy_tv', 'policy_tv_max', 'policy_tv_on_policy', 'stat_dist_error', 'state_coverage', 'state_entropy_coverage', 'total_loss', 'v_pred_start', 'value_loss']"
Could not load/extract best configuration for exact_E_lambda_0.95: "Metric 'v_start' not found in metrics. Available: ['E', 'E_local', 'Mean_A', 'V_start', 'actor_loss', 'entropy', 'mu_tv', 'nn_advantage_cossim', 'nn_advantage_cossim_uniform', 'nn_advantage_mse', 'nn_advantage_mse_uniform', 'nn_greedy_correct', 'nn_greedy_performance', 'nn_weighted_BE', 'nn_weighted_Bellman_Orthogonal_Portion', 'nn_weighted_PBE', 'nn_weighted_VE', 'policy_tv', 'policy_tv_max', 'policy_tv_on_policy', 'stat_dist_error', 'state_coverage', 'state_entropy_coverage', 'total_loss', 'v_pred_start', 'value_loss']"
Could not load/extract best configuration for exact_td_lambda_0.99: "Metric 'v_start' not found in metrics. Available: ['E', 'E_local', 'Mean_A', 'V_start', 'actor_loss', 'entropy', 'mu_tv', 'nn_advantage_cossim', 'nn_advantage_cossim_uniform', 'nn_advantage_mse', 'nn_advantage_mse_uniform', 'nn_greedy_correct', 'nn_greedy_performance', 'nn_weighted_BE', 'nn_weighted_Bellman_Orthogonal_Portion', 'nn_weighted_PBE', 'nn_weighted_VE', 'policy_tv', 'policy_tv_max', 'policy_tv_on_policy', 'stat_dist_error', 'state_coverage', 'state_entropy_coverage', 'total_loss', 'v_pred_start', 'value_loss']"
Could not load/extract best configuration for exact_E_lambda_0.99: "Metric 'v_start' not found in metrics. Available: ['E', 'E_local', 'Mean_A', 'V_start', 'actor_loss', 'entropy', 'mu_tv', 'nn_advantage_cossim', 'nn_advantage_cossim_uniform', 'nn_advantage_mse', 'nn_advantage_mse_uniform', 'nn_greedy_correct', 'nn_greedy_performance', 'nn_weighted_BE', 'nn_weighted_Bellman_Orthogonal_Portion', 'nn_weighted_PBE', 'nn_weighted_VE', 'policy_tv', 'policy_tv_max', 'policy_tv_on_policy', 'stat_dist_error', 'state_coverage', 'state_entropy_coverage', 'total_loss', 'v_pred_start', 'value_loss']"
No algorithms could be plotted.
Plot saved to results/lambda_sweep/20260915_230741/EightRooms/ppo/comparison/lambda_comparison_plot.png
Generating diagnostic GIFs for best configs...
  -> Rolling out exact_td_lambda_0.0 for GIF...
Failed to generate GIF for exact_td_lambda_0.0: 'TOTAL_TIMESTEPS'
  -> Rolling out exact_E_lambda_0.0 for GIF...
Failed to generate GIF for exact_E_lambda_0.0: 'TOTAL_TIMESTEPS'
  -> Rolling out exact_td_lambda_0.5 for GIF...
Failed to generate GIF for exact_td_lambda_0.5: 'TOTAL_TIMESTEPS'
  -> Rolling out exact_E_lambda_0.5 for GIF...
Failed to generate GIF for exact_E_lambda_0.5: 'TOTAL_TIMESTEPS'
  -> Rolling out exact_td_lambda_0.9 for GIF...
Failed to generate GIF for exact_td_lambda_0.9: 'TOTAL_TIMESTEPS'
  -> Rolling out exact_E_lambda_0.9 for GIF...
Failed to generate GIF for exact_E_lambda_0.9: 'TOTAL_TIMESTEPS'
  -> Rolling out exact_td_lambda_0.95 for GIF...
Failed to generate GIF for exact_td_lambda_0.95: 'TOTAL_TIMESTEPS'
  -> Rolling out exact_E_lambda_0.95 for GIF...
Failed to generate GIF for exact_E_lambda_0.95: 'TOTAL_TIMESTEPS'
  -> Rolling out exact_td_lambda_0.99 for GIF...
Failed to generate GIF for exact_td_lambda_0.99: 'TOTAL_TIMESTEPS'
  -> Rolling out exact_E_lambda_0.99 for GIF...
Failed to generate GIF for exact_E_lambda_0.99: 'TOTAL_TIMESTEPS'
================================================================================
Analyzing Task: Env=FourRooms-misc | Policy=fixed
Comparison summary saved to results/lambda_sweep/20260915_230741/FourRooms-misc/fixed/comparison/comparison_summary.csv
Summary generated for FourRooms-misc/fixed
Comparison plot saved to results/lambda_sweep/20260915_230741/FourRooms-misc/fixed/comparison/lambda_comparison_plot.png
Plot saved to results/lambda_sweep/20260915_230741/FourRooms-misc/fixed/comparison/lambda_comparison_plot.png
Generating diagnostic GIFs for best configs...
  -> Rolling out exact_td_lambda_0.0 for GIF...
Failed to generate GIF for exact_td_lambda_0.0: 'TOTAL_TIMESTEPS'
  -> Rolling out exact_E_lambda_0.0 for GIF...
Failed to generate GIF for exact_E_lambda_0.0: 'TOTAL_TIMESTEPS'
  -> Rolling out exact_td_lambda_0.5 for GIF...
Failed to generate GIF for exact_td_lambda_0.5: 'TOTAL_TIMESTEPS'
  -> Rolling out exact_td_lambda_0.9 for GIF...
Failed to generate GIF for exact_td_lambda_0.9: 'TOTAL_TIMESTEPS'
  -> Rolling out exact_E_lambda_0.5 for GIF...
Failed to generate GIF for exact_E_lambda_0.5: 'TOTAL_TIMESTEPS'
  -> Rolling out exact_td_lambda_0.95 for GIF...
Failed to generate GIF for exact_td_lambda_0.95: 'TOTAL_TIMESTEPS'
  -> Rolling out exact_E_lambda_0.9 for GIF...
Failed to generate GIF for exact_E_lambda_0.9: 'TOTAL_TIMESTEPS'
  -> Rolling out exact_td_lambda_0.99 for GIF...
Failed to generate GIF for exact_td_lambda_0.99: 'TOTAL_TIMESTEPS'
  -> Rolling out exact_E_lambda_0.95 for GIF...
Failed to generate GIF for exact_E_lambda_0.95: 'TOTAL_TIMESTEPS'
  -> Rolling out exact_E_lambda_0.99 for GIF...
Failed to generate GIF for exact_E_lambda_0.99: 'TOTAL_TIMESTEPS'
================================================================================
Analyzing Task: Env=FourRooms-misc | Policy=random
Comparison summary saved to results/lambda_sweep/20260915_230741/FourRooms-misc/random/comparison/comparison_summary.csv
Summary generated for FourRooms-misc/random
Comparison plot saved to results/lambda_sweep/20260915_230741/FourRooms-misc/random/comparison/lambda_comparison_plot.png
Plot saved to results/lambda_sweep/20260915_230741/FourRooms-misc/random/comparison/lambda_comparison_plot.png
Generating diagnostic GIFs for best configs...
  -> Rolling out exact_td_lambda_0.0 for GIF...
Failed to generate GIF for exact_td_lambda_0.0: 'TOTAL_TIMESTEPS'
  -> Rolling out exact_td_lambda_0.5 for GIF...
Failed to generate GIF for exact_td_lambda_0.5: 'TOTAL_TIMESTEPS'
  -> Rolling out exact_td_lambda_0.9 for GIF...
Failed to generate GIF for exact_td_lambda_0.9: 'TOTAL_TIMESTEPS'
  -> Rolling out exact_E_lambda_0.0 for GIF...
Failed to generate GIF for exact_E_lambda_0.0: 'TOTAL_TIMESTEPS'
  -> Rolling out exact_td_lambda_0.95 for GIF...
Failed to generate GIF for exact_td_lambda_0.95: 'TOTAL_TIMESTEPS'
  -> Rolling out exact_td_lambda_0.99 for GIF...
Failed to generate GIF for exact_td_lambda_0.99: 'TOTAL_TIMESTEPS'
  -> Rolling out exact_E_lambda_0.5 for GIF...
Failed to generate GIF for exact_E_lambda_0.5: 'TOTAL_TIMESTEPS'
  -> Rolling out exact_E_lambda_0.9 for GIF...
Failed to generate GIF for exact_E_lambda_0.9: 'TOTAL_TIMESTEPS'
  -> Rolling out exact_E_lambda_0.95 for GIF...
Failed to generate GIF for exact_E_lambda_0.95: 'TOTAL_TIMESTEPS'
  -> Rolling out exact_E_lambda_0.99 for GIF...
Failed to generate GIF for exact_E_lambda_0.99: 'TOTAL_TIMESTEPS'
================================================================================
Analyzing Task: Env=FourRooms-misc | Policy=ppo
Error summarizing exact_td_lambda_0.0: "Metric 'v_start' not found in metrics. Available: ['E', 'E_local', 'Mean_A', 'V_start', 'actor_loss', 'entropy', 'mu_tv', 'nn_advantage_cossim', 'nn_advantage_cossim_uniform', 'nn_advantage_mse', 'nn_advantage_mse_uniform', 'nn_greedy_correct', 'nn_greedy_performance', 'nn_weighted_BE', 'nn_weighted_Bellman_Orthogonal_Portion', 'nn_weighted_PBE', 'nn_weighted_VE', 'policy_tv', 'policy_tv_max', 'policy_tv_on_policy', 'stat_dist_error', 'state_coverage', 'state_entropy_coverage', 'total_loss', 'v_pred_start', 'value_loss']"
Error summarizing exact_td_lambda_0.5: "Metric 'v_start' not found in metrics. Available: ['E', 'E_local', 'Mean_A', 'V_start', 'actor_loss', 'entropy', 'mu_tv', 'nn_advantage_cossim', 'nn_advantage_cossim_uniform', 'nn_advantage_mse', 'nn_advantage_mse_uniform', 'nn_greedy_correct', 'nn_greedy_performance', 'nn_weighted_BE', 'nn_weighted_Bellman_Orthogonal_Portion', 'nn_weighted_PBE', 'nn_weighted_VE', 'policy_tv', 'policy_tv_max', 'policy_tv_on_policy', 'stat_dist_error', 'state_coverage', 'state_entropy_coverage', 'total_loss', 'v_pred_start', 'value_loss']"
Error summarizing exact_E_lambda_0.0: "Metric 'v_start' not found in metrics. Available: ['E', 'E_local', 'Mean_A', 'V_start', 'actor_loss', 'entropy', 'mu_tv', 'nn_advantage_cossim', 'nn_advantage_cossim_uniform', 'nn_advantage_mse', 'nn_advantage_mse_uniform', 'nn_greedy_correct', 'nn_greedy_performance', 'nn_weighted_BE', 'nn_weighted_Bellman_Orthogonal_Portion', 'nn_weighted_PBE', 'nn_weighted_VE', 'policy_tv', 'policy_tv_max', 'policy_tv_on_policy', 'stat_dist_error', 'state_coverage', 'state_entropy_coverage', 'total_loss', 'v_pred_start', 'value_loss']"
Error summarizing exact_td_lambda_0.9: "Metric 'v_start' not found in metrics. Available: ['E', 'E_local', 'Mean_A', 'V_start', 'actor_loss', 'entropy', 'mu_tv', 'nn_advantage_cossim', 'nn_advantage_cossim_uniform', 'nn_advantage_mse', 'nn_advantage_mse_uniform', 'nn_greedy_correct', 'nn_greedy_performance', 'nn_weighted_BE', 'nn_weighted_Bellman_Orthogonal_Portion', 'nn_weighted_PBE', 'nn_weighted_VE', 'policy_tv', 'policy_tv_max', 'policy_tv_on_policy', 'stat_dist_error', 'state_coverage', 'state_entropy_coverage', 'total_loss', 'v_pred_start', 'value_loss']"
Error summarizing exact_E_lambda_0.5: "Metric 'v_start' not found in metrics. Available: ['E', 'E_local', 'Mean_A', 'V_start', 'actor_loss', 'entropy', 'mu_tv', 'nn_advantage_cossim', 'nn_advantage_cossim_uniform', 'nn_advantage_mse', 'nn_advantage_mse_uniform', 'nn_greedy_correct', 'nn_greedy_performance', 'nn_weighted_BE', 'nn_weighted_Bellman_Orthogonal_Portion', 'nn_weighted_PBE', 'nn_weighted_VE', 'policy_tv', 'policy_tv_max', 'policy_tv_on_policy', 'stat_dist_error', 'state_coverage', 'state_entropy_coverage', 'total_loss', 'v_pred_start', 'value_loss']"
Error summarizing exact_td_lambda_0.95: "Metric 'v_start' not found in metrics. Available: ['E', 'E_local', 'Mean_A', 'V_start', 'actor_loss', 'entropy', 'mu_tv', 'nn_advantage_cossim', 'nn_advantage_cossim_uniform', 'nn_advantage_mse', 'nn_advantage_mse_uniform', 'nn_greedy_correct', 'nn_greedy_performance', 'nn_weighted_BE', 'nn_weighted_Bellman_Orthogonal_Portion', 'nn_weighted_PBE', 'nn_weighted_VE', 'policy_tv', 'policy_tv_max', 'policy_tv_on_policy', 'stat_dist_error', 'state_coverage', 'state_entropy_coverage', 'total_loss', 'v_pred_start', 'value_loss']"
Error summarizing exact_E_lambda_0.9: "Metric 'v_start' not found in metrics. Available: ['E', 'E_local', 'Mean_A', 'V_start', 'actor_loss', 'entropy', 'mu_tv', 'nn_advantage_cossim', 'nn_advantage_cossim_uniform', 'nn_advantage_mse', 'nn_advantage_mse_uniform', 'nn_greedy_correct', 'nn_greedy_performance', 'nn_weighted_BE', 'nn_weighted_Bellman_Orthogonal_Portion', 'nn_weighted_PBE', 'nn_weighted_VE', 'policy_tv', 'policy_tv_max', 'policy_tv_on_policy', 'stat_dist_error', 'state_coverage', 'state_entropy_coverage', 'total_loss', 'v_pred_start', 'value_loss']"
Error summarizing exact_td_lambda_0.99: "Metric 'v_start' not found in metrics. Available: ['E', 'E_local', 'Mean_A', 'V_start', 'actor_loss', 'entropy', 'mu_tv', 'nn_advantage_cossim', 'nn_advantage_cossim_uniform', 'nn_advantage_mse', 'nn_advantage_mse_uniform', 'nn_greedy_correct', 'nn_greedy_performance', 'nn_weighted_BE', 'nn_weighted_Bellman_Orthogonal_Portion', 'nn_weighted_PBE', 'nn_weighted_VE', 'policy_tv', 'policy_tv_max', 'policy_tv_on_policy', 'stat_dist_error', 'state_coverage', 'state_entropy_coverage', 'total_loss', 'v_pred_start', 'value_loss']"
Error summarizing exact_E_lambda_0.95: "Metric 'v_start' not found in metrics. Available: ['E', 'E_local', 'Mean_A', 'V_start', 'actor_loss', 'entropy', 'mu_tv', 'nn_advantage_cossim', 'nn_advantage_cossim_uniform', 'nn_advantage_mse', 'nn_advantage_mse_uniform', 'nn_greedy_correct', 'nn_greedy_performance', 'nn_weighted_BE', 'nn_weighted_Bellman_Orthogonal_Portion', 'nn_weighted_PBE', 'nn_weighted_VE', 'policy_tv', 'policy_tv_max', 'policy_tv_on_policy', 'stat_dist_error', 'state_coverage', 'state_entropy_coverage', 'total_loss', 'v_pred_start', 'value_loss']"
Error summarizing exact_E_lambda_0.99: "Metric 'v_start' not found in metrics. Available: ['E', 'E_local', 'Mean_A', 'V_start', 'actor_loss', 'entropy', 'mu_tv', 'nn_advantage_cossim', 'nn_advantage_cossim_uniform', 'nn_advantage_mse', 'nn_advantage_mse_uniform', 'nn_greedy_correct', 'nn_greedy_performance', 'nn_weighted_BE', 'nn_weighted_Bellman_Orthogonal_Portion', 'nn_weighted_PBE', 'nn_weighted_VE', 'policy_tv', 'policy_tv_max', 'policy_tv_on_policy', 'stat_dist_error', 'state_coverage', 'state_entropy_coverage', 'total_loss', 'v_pred_start', 'value_loss']"
Comparison summary saved to results/lambda_sweep/20260915_230741/FourRooms-misc/ppo/comparison/comparison_summary.csv
Summary generated for FourRooms-misc/ppo
Could not load/extract best configuration for exact_td_lambda_0.0: "Metric 'v_start' not found in metrics. Available: ['E', 'E_local', 'Mean_A', 'V_start', 'actor_loss', 'entropy', 'mu_tv', 'nn_advantage_cossim', 'nn_advantage_cossim_uniform', 'nn_advantage_mse', 'nn_advantage_mse_uniform', 'nn_greedy_correct', 'nn_greedy_performance', 'nn_weighted_BE', 'nn_weighted_Bellman_Orthogonal_Portion', 'nn_weighted_PBE', 'nn_weighted_VE', 'policy_tv', 'policy_tv_max', 'policy_tv_on_policy', 'stat_dist_error', 'state_coverage', 'state_entropy_coverage', 'total_loss', 'v_pred_start', 'value_loss']"
Could not load/extract best configuration for exact_td_lambda_0.5: "Metric 'v_start' not found in metrics. Available: ['E', 'E_local', 'Mean_A', 'V_start', 'actor_loss', 'entropy', 'mu_tv', 'nn_advantage_cossim', 'nn_advantage_cossim_uniform', 'nn_advantage_mse', 'nn_advantage_mse_uniform', 'nn_greedy_correct', 'nn_greedy_performance', 'nn_weighted_BE', 'nn_weighted_Bellman_Orthogonal_Portion', 'nn_weighted_PBE', 'nn_weighted_VE', 'policy_tv', 'policy_tv_max', 'policy_tv_on_policy', 'stat_dist_error', 'state_coverage', 'state_entropy_coverage', 'total_loss', 'v_pred_start', 'value_loss']"
Could not load/extract best configuration for exact_E_lambda_0.0: "Metric 'v_start' not found in metrics. Available: ['E', 'E_local', 'Mean_A', 'V_start', 'actor_loss', 'entropy', 'mu_tv', 'nn_advantage_cossim', 'nn_advantage_cossim_uniform', 'nn_advantage_mse', 'nn_advantage_mse_uniform', 'nn_greedy_correct', 'nn_greedy_performance', 'nn_weighted_BE', 'nn_weighted_Bellman_Orthogonal_Portion', 'nn_weighted_PBE', 'nn_weighted_VE', 'policy_tv', 'policy_tv_max', 'policy_tv_on_policy', 'stat_dist_error', 'state_coverage', 'state_entropy_coverage', 'total_loss', 'v_pred_start', 'value_loss']"
Could not load/extract best configuration for exact_td_lambda_0.9: "Metric 'v_start' not found in metrics. Available: ['E', 'E_local', 'Mean_A', 'V_start', 'actor_loss', 'entropy', 'mu_tv', 'nn_advantage_cossim', 'nn_advantage_cossim_uniform', 'nn_advantage_mse', 'nn_advantage_mse_uniform', 'nn_greedy_correct', 'nn_greedy_performance', 'nn_weighted_BE', 'nn_weighted_Bellman_Orthogonal_Portion', 'nn_weighted_PBE', 'nn_weighted_VE', 'policy_tv', 'policy_tv_max', 'policy_tv_on_policy', 'stat_dist_error', 'state_coverage', 'state_entropy_coverage', 'total_loss', 'v_pred_start', 'value_loss']"
Could not load/extract best configuration for exact_E_lambda_0.5: "Metric 'v_start' not found in metrics. Available: ['E', 'E_local', 'Mean_A', 'V_start', 'actor_loss', 'entropy', 'mu_tv', 'nn_advantage_cossim', 'nn_advantage_cossim_uniform', 'nn_advantage_mse', 'nn_advantage_mse_uniform', 'nn_greedy_correct', 'nn_greedy_performance', 'nn_weighted_BE', 'nn_weighted_Bellman_Orthogonal_Portion', 'nn_weighted_PBE', 'nn_weighted_VE', 'policy_tv', 'policy_tv_max', 'policy_tv_on_policy', 'stat_dist_error', 'state_coverage', 'state_entropy_coverage', 'total_loss', 'v_pred_start', 'value_loss']"
Could not load/extract best configuration for exact_td_lambda_0.95: "Metric 'v_start' not found in metrics. Available: ['E', 'E_local', 'Mean_A', 'V_start', 'actor_loss', 'entropy', 'mu_tv', 'nn_advantage_cossim', 'nn_advantage_cossim_uniform', 'nn_advantage_mse', 'nn_advantage_mse_uniform', 'nn_greedy_correct', 'nn_greedy_performance', 'nn_weighted_BE', 'nn_weighted_Bellman_Orthogonal_Portion', 'nn_weighted_PBE', 'nn_weighted_VE', 'policy_tv', 'policy_tv_max', 'policy_tv_on_policy', 'stat_dist_error', 'state_coverage', 'state_entropy_coverage', 'total_loss', 'v_pred_start', 'value_loss']"
Could not load/extract best configuration for exact_E_lambda_0.9: "Metric 'v_start' not found in metrics. Available: ['E', 'E_local', 'Mean_A', 'V_start', 'actor_loss', 'entropy', 'mu_tv', 'nn_advantage_cossim', 'nn_advantage_cossim_uniform', 'nn_advantage_mse', 'nn_advantage_mse_uniform', 'nn_greedy_correct', 'nn_greedy_performance', 'nn_weighted_BE', 'nn_weighted_Bellman_Orthogonal_Portion', 'nn_weighted_PBE', 'nn_weighted_VE', 'policy_tv', 'policy_tv_max', 'policy_tv_on_policy', 'stat_dist_error', 'state_coverage', 'state_entropy_coverage', 'total_loss', 'v_pred_start', 'value_loss']"
Could not load/extract best configuration for exact_td_lambda_0.99: "Metric 'v_start' not found in metrics. Available: ['E', 'E_local', 'Mean_A', 'V_start', 'actor_loss', 'entropy', 'mu_tv', 'nn_advantage_cossim', 'nn_advantage_cossim_uniform', 'nn_advantage_mse', 'nn_advantage_mse_uniform', 'nn_greedy_correct', 'nn_greedy_performance', 'nn_weighted_BE', 'nn_weighted_Bellman_Orthogonal_Portion', 'nn_weighted_PBE', 'nn_weighted_VE', 'policy_tv', 'policy_tv_max', 'policy_tv_on_policy', 'stat_dist_error', 'state_coverage', 'state_entropy_coverage', 'total_loss', 'v_pred_start', 'value_loss']"
Could not load/extract best configuration for exact_E_lambda_0.95: "Metric 'v_start' not found in metrics. Available: ['E', 'E_local', 'Mean_A', 'V_start', 'actor_loss', 'entropy', 'mu_tv', 'nn_advantage_cossim', 'nn_advantage_cossim_uniform', 'nn_advantage_mse', 'nn_advantage_mse_uniform', 'nn_greedy_correct', 'nn_greedy_performance', 'nn_weighted_BE', 'nn_weighted_Bellman_Orthogonal_Portion', 'nn_weighted_PBE', 'nn_weighted_VE', 'policy_tv', 'policy_tv_max', 'policy_tv_on_policy', 'stat_dist_error', 'state_coverage', 'state_entropy_coverage', 'total_loss', 'v_pred_start', 'value_loss']"
Could not load/extract best configuration for exact_E_lambda_0.99: "Metric 'v_start' not found in metrics. Available: ['E', 'E_local', 'Mean_A', 'V_start', 'actor_loss', 'entropy', 'mu_tv', 'nn_advantage_cossim', 'nn_advantage_cossim_uniform', 'nn_advantage_mse', 'nn_advantage_mse_uniform', 'nn_greedy_correct', 'nn_greedy_performance', 'nn_weighted_BE', 'nn_weighted_Bellman_Orthogonal_Portion', 'nn_weighted_PBE', 'nn_weighted_VE', 'policy_tv', 'policy_tv_max', 'policy_tv_on_policy', 'stat_dist_error', 'state_coverage', 'state_entropy_coverage', 'total_loss', 'v_pred_start', 'value_loss']"
No algorithms could be plotted.
Plot saved to results/lambda_sweep/20260915_230741/FourRooms-misc/ppo/comparison/lambda_comparison_plot.png
Generating diagnostic GIFs for best configs...
  -> Rolling out exact_td_lambda_0.0 for GIF...
Failed to generate GIF for exact_td_lambda_0.0: 'TOTAL_TIMESTEPS'
  -> Rolling out exact_td_lambda_0.5 for GIF...
Failed to generate GIF for exact_td_lambda_0.5: 'TOTAL_TIMESTEPS'
  -> Rolling out exact_E_lambda_0.0 for GIF...
Failed to generate GIF for exact_E_lambda_0.0: 'TOTAL_TIMESTEPS'
  -> Rolling out exact_td_lambda_0.9 for GIF...
Failed to generate GIF for exact_td_lambda_0.9: 'TOTAL_TIMESTEPS'
  -> Rolling out exact_E_lambda_0.5 for GIF...
Failed to generate GIF for exact_E_lambda_0.5: 'TOTAL_TIMESTEPS'
  -> Rolling out exact_td_lambda_0.95 for GIF...
Failed to generate GIF for exact_td_lambda_0.95: 'TOTAL_TIMESTEPS'
  -> Rolling out exact_E_lambda_0.9 for GIF...
Failed to generate GIF for exact_E_lambda_0.9: 'TOTAL_TIMESTEPS'
  -> Rolling out exact_td_lambda_0.99 for GIF...
Failed to generate GIF for exact_td_lambda_0.99: 'TOTAL_TIMESTEPS'
  -> Rolling out exact_E_lambda_0.95 for GIF...
Failed to generate GIF for exact_E_lambda_0.95: 'TOTAL_TIMESTEPS'
  -> Rolling out exact_E_lambda_0.99 for GIF...
Failed to generate GIF for exact_E_lambda_0.99: 'TOTAL_TIMESTEPS'
================================================================================
Analyzing Task: Env=Whirlpool | Policy=fixed
Comparison summary saved to results/lambda_sweep/20260915_230741/Whirlpool/fixed/comparison/comparison_summary.csv
Summary generated for Whirlpool/fixed
Comparison plot saved to results/lambda_sweep/20260915_230741/Whirlpool/fixed/comparison/lambda_comparison_plot.png
Plot saved to results/lambda_sweep/20260915_230741/Whirlpool/fixed/comparison/lambda_comparison_plot.png
Generating diagnostic GIFs for best configs...
  -> Rolling out exact_td_lambda_0.0 for GIF...
Failed to generate GIF for exact_td_lambda_0.0: 'TOTAL_TIMESTEPS'
  -> Rolling out exact_E_lambda_0.0 for GIF...
Failed to generate GIF for exact_E_lambda_0.0: 'TOTAL_TIMESTEPS'
  -> Rolling out exact_td_lambda_0.5 for GIF...
Failed to generate GIF for exact_td_lambda_0.5: 'TOTAL_TIMESTEPS'
  -> Rolling out exact_td_lambda_0.9 for GIF...
Failed to generate GIF for exact_td_lambda_0.9: 'TOTAL_TIMESTEPS'
  -> Rolling out exact_E_lambda_0.5 for GIF...
Failed to generate GIF for exact_E_lambda_0.5: 'TOTAL_TIMESTEPS'
  -> Rolling out exact_td_lambda_0.95 for GIF...
Failed to generate GIF for exact_td_lambda_0.95: 'TOTAL_TIMESTEPS'
  -> Rolling out exact_E_lambda_0.9 for GIF...
Failed to generate GIF for exact_E_lambda_0.9: 'TOTAL_TIMESTEPS'
  -> Rolling out exact_td_lambda_0.99 for GIF...
Failed to generate GIF for exact_td_lambda_0.99: 'TOTAL_TIMESTEPS'
  -> Rolling out exact_E_lambda_0.95 for GIF...
Failed to generate GIF for exact_E_lambda_0.95: 'TOTAL_TIMESTEPS'
  -> Rolling out exact_E_lambda_0.99 for GIF...
Failed to generate GIF for exact_E_lambda_0.99: 'TOTAL_TIMESTEPS'
================================================================================
Analyzing Task: Env=Whirlpool | Policy=random
Comparison summary saved to results/lambda_sweep/20260915_230741/Whirlpool/random/comparison/comparison_summary.csv
Summary generated for Whirlpool/random
Comparison plot saved to results/lambda_sweep/20260915_230741/Whirlpool/random/comparison/lambda_comparison_plot.png
Plot saved to results/lambda_sweep/20260915_230741/Whirlpool/random/comparison/lambda_comparison_plot.png
Generating diagnostic GIFs for best configs...
  -> Rolling out exact_td_lambda_0.0 for GIF...
Failed to generate GIF for exact_td_lambda_0.0: 'TOTAL_TIMESTEPS'
  -> Rolling out exact_E_lambda_0.0 for GIF...
Failed to generate GIF for exact_E_lambda_0.0: 'TOTAL_TIMESTEPS'
  -> Rolling out exact_td_lambda_0.5 for GIF...
Failed to generate GIF for exact_td_lambda_0.5: 'TOTAL_TIMESTEPS'
  -> Rolling out exact_td_lambda_0.9 for GIF...
Failed to generate GIF for exact_td_lambda_0.9: 'TOTAL_TIMESTEPS'
  -> Rolling out exact_E_lambda_0.5 for GIF...
Failed to generate GIF for exact_E_lambda_0.5: 'TOTAL_TIMESTEPS'
  -> Rolling out exact_td_lambda_0.95 for GIF...
Failed to generate GIF for exact_td_lambda_0.95: 'TOTAL_TIMESTEPS'
  -> Rolling out exact_E_lambda_0.9 for GIF...
Failed to generate GIF for exact_E_lambda_0.9: 'TOTAL_TIMESTEPS'
  -> Rolling out exact_td_lambda_0.99 for GIF...
Failed to generate GIF for exact_td_lambda_0.99: 'TOTAL_TIMESTEPS'
  -> Rolling out exact_E_lambda_0.95 for GIF...
Failed to generate GIF for exact_E_lambda_0.95: 'TOTAL_TIMESTEPS'
  -> Rolling out exact_E_lambda_0.99 for GIF...
Failed to generate GIF for exact_E_lambda_0.99: 'TOTAL_TIMESTEPS'
================================================================================
Analyzing Task: Env=Whirlpool | Policy=ppo
Error summarizing exact_td_lambda_0.0: "Metric 'v_start' not found in metrics. Available: ['E', 'E_local', 'Mean_A', 'V_start', 'actor_loss', 'entropy', 'mu_tv', 'nn_advantage_cossim', 'nn_advantage_cossim_uniform', 'nn_advantage_mse', 'nn_advantage_mse_uniform', 'nn_greedy_correct', 'nn_greedy_performance', 'nn_weighted_BE', 'nn_weighted_Bellman_Orthogonal_Portion', 'nn_weighted_PBE', 'nn_weighted_VE', 'policy_tv', 'policy_tv_max', 'policy_tv_on_policy', 'stat_dist_error', 'state_coverage', 'state_entropy_coverage', 'total_loss', 'v_pred_start', 'value_loss']"
Error summarizing exact_E_lambda_0.0: "Metric 'v_start' not found in metrics. Available: ['E', 'E_local', 'Mean_A', 'V_start', 'actor_loss', 'entropy', 'mu_tv', 'nn_advantage_cossim', 'nn_advantage_cossim_uniform', 'nn_advantage_mse', 'nn_advantage_mse_uniform', 'nn_greedy_correct', 'nn_greedy_performance', 'nn_weighted_BE', 'nn_weighted_Bellman_Orthogonal_Portion', 'nn_weighted_PBE', 'nn_weighted_VE', 'policy_tv', 'policy_tv_max', 'policy_tv_on_policy', 'stat_dist_error', 'state_coverage', 'state_entropy_coverage', 'total_loss', 'v_pred_start', 'value_loss']"
Error summarizing exact_td_lambda_0.5: "Metric 'v_start' not found in metrics. Available: ['E', 'E_local', 'Mean_A', 'V_start', 'actor_loss', 'entropy', 'mu_tv', 'nn_advantage_cossim', 'nn_advantage_cossim_uniform', 'nn_advantage_mse', 'nn_advantage_mse_uniform', 'nn_greedy_correct', 'nn_greedy_performance', 'nn_weighted_BE', 'nn_weighted_Bellman_Orthogonal_Portion', 'nn_weighted_PBE', 'nn_weighted_VE', 'policy_tv', 'policy_tv_max', 'policy_tv_on_policy', 'stat_dist_error', 'state_coverage', 'state_entropy_coverage', 'total_loss', 'v_pred_start', 'value_loss']"
Error summarizing exact_E_lambda_0.5: "Metric 'v_start' not found in metrics. Available: ['E', 'E_local', 'Mean_A', 'V_start', 'actor_loss', 'entropy', 'mu_tv', 'nn_advantage_cossim', 'nn_advantage_cossim_uniform', 'nn_advantage_mse', 'nn_advantage_mse_uniform', 'nn_greedy_correct', 'nn_greedy_performance', 'nn_weighted_BE', 'nn_weighted_Bellman_Orthogonal_Portion', 'nn_weighted_PBE', 'nn_weighted_VE', 'policy_tv', 'policy_tv_max', 'policy_tv_on_policy', 'stat_dist_error', 'state_coverage', 'state_entropy_coverage', 'total_loss', 'v_pred_start', 'value_loss']"
Error summarizing exact_td_lambda_0.9: "Metric 'v_start' not found in metrics. Available: ['E', 'E_local', 'Mean_A', 'V_start', 'actor_loss', 'entropy', 'mu_tv', 'nn_advantage_cossim', 'nn_advantage_cossim_uniform', 'nn_advantage_mse', 'nn_advantage_mse_uniform', 'nn_greedy_correct', 'nn_greedy_performance', 'nn_weighted_BE', 'nn_weighted_Bellman_Orthogonal_Portion', 'nn_weighted_PBE', 'nn_weighted_VE', 'policy_tv', 'policy_tv_max', 'policy_tv_on_policy', 'stat_dist_error', 'state_coverage', 'state_entropy_coverage', 'total_loss', 'v_pred_start', 'value_loss']"
Error summarizing exact_E_lambda_0.9: "Metric 'v_start' not found in metrics. Available: ['E', 'E_local', 'Mean_A', 'V_start', 'actor_loss', 'entropy', 'mu_tv', 'nn_advantage_cossim', 'nn_advantage_cossim_uniform', 'nn_advantage_mse', 'nn_advantage_mse_uniform', 'nn_greedy_correct', 'nn_greedy_performance', 'nn_weighted_BE', 'nn_weighted_Bellman_Orthogonal_Portion', 'nn_weighted_PBE', 'nn_weighted_VE', 'policy_tv', 'policy_tv_max', 'policy_tv_on_policy', 'stat_dist_error', 'state_coverage', 'state_entropy_coverage', 'total_loss', 'v_pred_start', 'value_loss']"
Error summarizing exact_td_lambda_0.95: "Metric 'v_start' not found in metrics. Available: ['E', 'E_local', 'Mean_A', 'V_start', 'actor_loss', 'entropy', 'mu_tv', 'nn_advantage_cossim', 'nn_advantage_cossim_uniform', 'nn_advantage_mse', 'nn_advantage_mse_uniform', 'nn_greedy_correct', 'nn_greedy_performance', 'nn_weighted_BE', 'nn_weighted_Bellman_Orthogonal_Portion', 'nn_weighted_PBE', 'nn_weighted_VE', 'policy_tv', 'policy_tv_max', 'policy_tv_on_policy', 'stat_dist_error', 'state_coverage', 'state_entropy_coverage', 'total_loss', 'v_pred_start', 'value_loss']"
Error summarizing exact_E_lambda_0.95: "Metric 'v_start' not found in metrics. Available: ['E', 'E_local', 'Mean_A', 'V_start', 'actor_loss', 'entropy', 'mu_tv', 'nn_advantage_cossim', 'nn_advantage_cossim_uniform', 'nn_advantage_mse', 'nn_advantage_mse_uniform', 'nn_greedy_correct', 'nn_greedy_performance', 'nn_weighted_BE', 'nn_weighted_Bellman_Orthogonal_Portion', 'nn_weighted_PBE', 'nn_weighted_VE', 'policy_tv', 'policy_tv_max', 'policy_tv_on_policy', 'stat_dist_error', 'state_coverage', 'state_entropy_coverage', 'total_loss', 'v_pred_start', 'value_loss']"
Error summarizing exact_td_lambda_0.99: "Metric 'v_start' not found in metrics. Available: ['E', 'E_local', 'Mean_A', 'V_start', 'actor_loss', 'entropy', 'mu_tv', 'nn_advantage_cossim', 'nn_advantage_cossim_uniform', 'nn_advantage_mse', 'nn_advantage_mse_uniform', 'nn_greedy_correct', 'nn_greedy_performance', 'nn_weighted_BE', 'nn_weighted_Bellman_Orthogonal_Portion', 'nn_weighted_PBE', 'nn_weighted_VE', 'policy_tv', 'policy_tv_max', 'policy_tv_on_policy', 'stat_dist_error', 'state_coverage', 'state_entropy_coverage', 'total_loss', 'v_pred_start', 'value_loss']"
Error summarizing exact_E_lambda_0.99: "Metric 'v_start' not found in metrics. Available: ['E', 'E_local', 'Mean_A', 'V_start', 'actor_loss', 'entropy', 'mu_tv', 'nn_advantage_cossim', 'nn_advantage_cossim_uniform', 'nn_advantage_mse', 'nn_advantage_mse_uniform', 'nn_greedy_correct', 'nn_greedy_performance', 'nn_weighted_BE', 'nn_weighted_Bellman_Orthogonal_Portion', 'nn_weighted_PBE', 'nn_weighted_VE', 'policy_tv', 'policy_tv_max', 'policy_tv_on_policy', 'stat_dist_error', 'state_coverage', 'state_entropy_coverage', 'total_loss', 'v_pred_start', 'value_loss']"
Comparison summary saved to results/lambda_sweep/20260915_230741/Whirlpool/ppo/comparison/comparison_summary.csv
Summary generated for Whirlpool/ppo
Could not load/extract best configuration for exact_td_lambda_0.0: "Metric 'v_start' not found in metrics. Available: ['E', 'E_local', 'Mean_A', 'V_start', 'actor_loss', 'entropy', 'mu_tv', 'nn_advantage_cossim', 'nn_advantage_cossim_uniform', 'nn_advantage_mse', 'nn_advantage_mse_uniform', 'nn_greedy_correct', 'nn_greedy_performance', 'nn_weighted_BE', 'nn_weighted_Bellman_Orthogonal_Portion', 'nn_weighted_PBE', 'nn_weighted_VE', 'policy_tv', 'policy_tv_max', 'policy_tv_on_policy', 'stat_dist_error', 'state_coverage', 'state_entropy_coverage', 'total_loss', 'v_pred_start', 'value_loss']"
Could not load/extract best configuration for exact_E_lambda_0.0: "Metric 'v_start' not found in metrics. Available: ['E', 'E_local', 'Mean_A', 'V_start', 'actor_loss', 'entropy', 'mu_tv', 'nn_advantage_cossim', 'nn_advantage_cossim_uniform', 'nn_advantage_mse', 'nn_advantage_mse_uniform', 'nn_greedy_correct', 'nn_greedy_performance', 'nn_weighted_BE', 'nn_weighted_Bellman_Orthogonal_Portion', 'nn_weighted_PBE', 'nn_weighted_VE', 'policy_tv', 'policy_tv_max', 'policy_tv_on_policy', 'stat_dist_error', 'state_coverage', 'state_entropy_coverage', 'total_loss', 'v_pred_start', 'value_loss']"
Could not load/extract best configuration for exact_td_lambda_0.5: "Metric 'v_start' not found in metrics. Available: ['E', 'E_local', 'Mean_A', 'V_start', 'actor_loss', 'entropy', 'mu_tv', 'nn_advantage_cossim', 'nn_advantage_cossim_uniform', 'nn_advantage_mse', 'nn_advantage_mse_uniform', 'nn_greedy_correct', 'nn_greedy_performance', 'nn_weighted_BE', 'nn_weighted_Bellman_Orthogonal_Portion', 'nn_weighted_PBE', 'nn_weighted_VE', 'policy_tv', 'policy_tv_max', 'policy_tv_on_policy', 'stat_dist_error', 'state_coverage', 'state_entropy_coverage', 'total_loss', 'v_pred_start', 'value_loss']"
Could not load/extract best configuration for exact_E_lambda_0.5: "Metric 'v_start' not found in metrics. Available: ['E', 'E_local', 'Mean_A', 'V_start', 'actor_loss', 'entropy', 'mu_tv', 'nn_advantage_cossim', 'nn_advantage_cossim_uniform', 'nn_advantage_mse', 'nn_advantage_mse_uniform', 'nn_greedy_correct', 'nn_greedy_performance', 'nn_weighted_BE', 'nn_weighted_Bellman_Orthogonal_Portion', 'nn_weighted_PBE', 'nn_weighted_VE', 'policy_tv', 'policy_tv_max', 'policy_tv_on_policy', 'stat_dist_error', 'state_coverage', 'state_entropy_coverage', 'total_loss', 'v_pred_start', 'value_loss']"
Could not load/extract best configuration for exact_td_lambda_0.9: "Metric 'v_start' not found in metrics. Available: ['E', 'E_local', 'Mean_A', 'V_start', 'actor_loss', 'entropy', 'mu_tv', 'nn_advantage_cossim', 'nn_advantage_cossim_uniform', 'nn_advantage_mse', 'nn_advantage_mse_uniform', 'nn_greedy_correct', 'nn_greedy_performance', 'nn_weighted_BE', 'nn_weighted_Bellman_Orthogonal_Portion', 'nn_weighted_PBE', 'nn_weighted_VE', 'policy_tv', 'policy_tv_max', 'policy_tv_on_policy', 'stat_dist_error', 'state_coverage', 'state_entropy_coverage', 'total_loss', 'v_pred_start', 'value_loss']"
Could not load/extract best configuration for exact_E_lambda_0.9: "Metric 'v_start' not found in metrics. Available: ['E', 'E_local', 'Mean_A', 'V_start', 'actor_loss', 'entropy', 'mu_tv', 'nn_advantage_cossim', 'nn_advantage_cossim_uniform', 'nn_advantage_mse', 'nn_advantage_mse_uniform', 'nn_greedy_correct', 'nn_greedy_performance', 'nn_weighted_BE', 'nn_weighted_Bellman_Orthogonal_Portion', 'nn_weighted_PBE', 'nn_weighted_VE', 'policy_tv', 'policy_tv_max', 'policy_tv_on_policy', 'stat_dist_error', 'state_coverage', 'state_entropy_coverage', 'total_loss', 'v_pred_start', 'value_loss']"
Could not load/extract best configuration for exact_td_lambda_0.95: "Metric 'v_start' not found in metrics. Available: ['E', 'E_local', 'Mean_A', 'V_start', 'actor_loss', 'entropy', 'mu_tv', 'nn_advantage_cossim', 'nn_advantage_cossim_uniform', 'nn_advantage_mse', 'nn_advantage_mse_uniform', 'nn_greedy_correct', 'nn_greedy_performance', 'nn_weighted_BE', 'nn_weighted_Bellman_Orthogonal_Portion', 'nn_weighted_PBE', 'nn_weighted_VE', 'policy_tv', 'policy_tv_max', 'policy_tv_on_policy', 'stat_dist_error', 'state_coverage', 'state_entropy_coverage', 'total_loss', 'v_pred_start', 'value_loss']"
Could not load/extract best configuration for exact_E_lambda_0.95: "Metric 'v_start' not found in metrics. Available: ['E', 'E_local', 'Mean_A', 'V_start', 'actor_loss', 'entropy', 'mu_tv', 'nn_advantage_cossim', 'nn_advantage_cossim_uniform', 'nn_advantage_mse', 'nn_advantage_mse_uniform', 'nn_greedy_correct', 'nn_greedy_performance', 'nn_weighted_BE', 'nn_weighted_Bellman_Orthogonal_Portion', 'nn_weighted_PBE', 'nn_weighted_VE', 'policy_tv', 'policy_tv_max', 'policy_tv_on_policy', 'stat_dist_error', 'state_coverage', 'state_entropy_coverage', 'total_loss', 'v_pred_start', 'value_loss']"
Could not load/extract best configuration for exact_td_lambda_0.99: "Metric 'v_start' not found in metrics. Available: ['E', 'E_local', 'Mean_A', 'V_start', 'actor_loss', 'entropy', 'mu_tv', 'nn_advantage_cossim', 'nn_advantage_cossim_uniform', 'nn_advantage_mse', 'nn_advantage_mse_uniform', 'nn_greedy_correct', 'nn_greedy_performance', 'nn_weighted_BE', 'nn_weighted_Bellman_Orthogonal_Portion', 'nn_weighted_PBE', 'nn_weighted_VE', 'policy_tv', 'policy_tv_max', 'policy_tv_on_policy', 'stat_dist_error', 'state_coverage', 'state_entropy_coverage', 'total_loss', 'v_pred_start', 'value_loss']"
Could not load/extract best configuration for exact_E_lambda_0.99: "Metric 'v_start' not found in metrics. Available: ['E', 'E_local', 'Mean_A', 'V_start', 'actor_loss', 'entropy', 'mu_tv', 'nn_advantage_cossim', 'nn_advantage_cossim_uniform', 'nn_advantage_mse', 'nn_advantage_mse_uniform', 'nn_greedy_correct', 'nn_greedy_performance', 'nn_weighted_BE', 'nn_weighted_Bellman_Orthogonal_Portion', 'nn_weighted_PBE', 'nn_weighted_VE', 'policy_tv', 'policy_tv_max', 'policy_tv_on_policy', 'stat_dist_error', 'state_coverage', 'state_entropy_coverage', 'total_loss', 'v_pred_start', 'value_loss']"
No algorithms could be plotted.
Plot saved to results/lambda_sweep/20260915_230741/Whirlpool/ppo/comparison/lambda_comparison_plot.png
Generating diagnostic GIFs for best configs...
  -> Rolling out exact_td_lambda_0.0 for GIF...
Failed to generate GIF for exact_td_lambda_0.0: 'TOTAL_TIMESTEPS'
  -> Rolling out exact_E_lambda_0.0 for GIF...
Failed to generate GIF for exact_E_lambda_0.0: 'TOTAL_TIMESTEPS'
  -> Rolling out exact_td_lambda_0.5 for GIF...
Failed to generate GIF for exact_td_lambda_0.5: 'TOTAL_TIMESTEPS'
  -> Rolling out exact_E_lambda_0.5 for GIF...
Failed to generate GIF for exact_E_lambda_0.5: 'TOTAL_TIMESTEPS'
  -> Rolling out exact_td_lambda_0.9 for GIF...
Failed to generate GIF for exact_td_lambda_0.9: 'TOTAL_TIMESTEPS'
  -> Rolling out exact_E_lambda_0.9 for GIF...
Failed to generate GIF for exact_E_lambda_0.9: 'TOTAL_TIMESTEPS'
  -> Rolling out exact_td_lambda_0.95 for GIF...
Failed to generate GIF for exact_td_lambda_0.95: 'TOTAL_TIMESTEPS'
  -> Rolling out exact_E_lambda_0.95 for GIF...
Failed to generate GIF for exact_E_lambda_0.95: 'TOTAL_TIMESTEPS'
  -> Rolling out exact_td_lambda_0.99 for GIF...
Failed to generate GIF for exact_td_lambda_0.99: 'TOTAL_TIMESTEPS'
  -> Rolling out exact_E_lambda_0.99 for GIF...
Failed to generate GIF for exact_E_lambda_0.99: 'TOTAL_TIMESTEPS'
================================================================================
Analyzing Task: Env=MountainCar-v0 | Policy=fixed
Comparison summary saved to results/lambda_sweep/20260915_230741/MountainCar-v0/fixed/comparison/comparison_summary.csv
Summary generated for MountainCar-v0/fixed
Comparison plot saved to results/lambda_sweep/20260915_230741/MountainCar-v0/fixed/comparison/lambda_comparison_plot.png
Plot saved to results/lambda_sweep/20260915_230741/MountainCar-v0/fixed/comparison/lambda_comparison_plot.png
Generating diagnostic GIFs for best configs...
  -> Rolling out exact_td_lambda_0.0 for GIF...
Failed to generate GIF for exact_td_lambda_0.0: 'TOTAL_TIMESTEPS'
  -> Rolling out exact_E_lambda_0.0 for GIF...
Failed to generate GIF for exact_E_lambda_0.0: 'TOTAL_TIMESTEPS'
  -> Rolling out exact_td_lambda_0.5 for GIF...
Failed to generate GIF for exact_td_lambda_0.5: 'TOTAL_TIMESTEPS'
  -> Rolling out exact_td_lambda_0.9 for GIF...
Failed to generate GIF for exact_td_lambda_0.9: 'TOTAL_TIMESTEPS'
  -> Rolling out exact_E_lambda_0.5 for GIF...
Failed to generate GIF for exact_E_lambda_0.5: 'TOTAL_TIMESTEPS'
  -> Rolling out exact_td_lambda_0.95 for GIF...
Failed to generate GIF for exact_td_lambda_0.95: 'TOTAL_TIMESTEPS'
  -> Rolling out exact_E_lambda_0.9 for GIF...
Failed to generate GIF for exact_E_lambda_0.9: 'TOTAL_TIMESTEPS'
  -> Rolling out exact_td_lambda_0.99 for GIF...
Failed to generate GIF for exact_td_lambda_0.99: 'TOTAL_TIMESTEPS'
  -> Rolling out exact_E_lambda_0.95 for GIF...
Failed to generate GIF for exact_E_lambda_0.95: 'TOTAL_TIMESTEPS'
  -> Rolling out exact_E_lambda_0.99 for GIF...
Failed to generate GIF for exact_E_lambda_0.99: 'TOTAL_TIMESTEPS'
================================================================================
Analyzing Task: Env=MountainCar-v0 | Policy=random
Comparison summary saved to results/lambda_sweep/20260915_230741/MountainCar-v0/random/comparison/comparison_summary.csv
Summary generated for MountainCar-v0/random
Comparison plot saved to results/lambda_sweep/20260915_230741/MountainCar-v0/random/comparison/lambda_comparison_plot.png
Plot saved to results/lambda_sweep/20260915_230741/MountainCar-v0/random/comparison/lambda_comparison_plot.png
Generating diagnostic GIFs for best configs...
  -> Rolling out exact_td_lambda_0.0 for GIF...
Failed to generate GIF for exact_td_lambda_0.0: 'TOTAL_TIMESTEPS'
  -> Rolling out exact_E_lambda_0.0 for GIF...
Failed to generate GIF for exact_E_lambda_0.0: 'TOTAL_TIMESTEPS'
  -> Rolling out exact_td_lambda_0.5 for GIF...
Failed to generate GIF for exact_td_lambda_0.5: 'TOTAL_TIMESTEPS'
  -> Rolling out exact_td_lambda_0.9 for GIF...
Failed to generate GIF for exact_td_lambda_0.9: 'TOTAL_TIMESTEPS'
  -> Rolling out exact_E_lambda_0.5 for GIF...
Failed to generate GIF for exact_E_lambda_0.5: 'TOTAL_TIMESTEPS'
  -> Rolling out exact_td_lambda_0.95 for GIF...
Failed to generate GIF for exact_td_lambda_0.95: 'TOTAL_TIMESTEPS'
  -> Rolling out exact_E_lambda_0.9 for GIF...
Failed to generate GIF for exact_E_lambda_0.9: 'TOTAL_TIMESTEPS'
  -> Rolling out exact_td_lambda_0.99 for GIF...
Failed to generate GIF for exact_td_lambda_0.99: 'TOTAL_TIMESTEPS'
  -> Rolling out exact_E_lambda_0.95 for GIF...
Failed to generate GIF for exact_E_lambda_0.95: 'TOTAL_TIMESTEPS'
  -> Rolling out exact_E_lambda_0.99 for GIF...
Failed to generate GIF for exact_E_lambda_0.99: 'TOTAL_TIMESTEPS'
================================================================================
Analyzing Task: Env=MountainCar-v0 | Policy=ppo
Error summarizing exact_td_lambda_0.0: "Metric 'v_start' not found in metrics. Available: ['E', 'E_local', 'Mean_A', 'V_start', 'actor_loss', 'entropy', 'mu_tv', 'nn_advantage_cossim', 'nn_advantage_cossim_uniform', 'nn_advantage_mse', 'nn_advantage_mse_uniform', 'nn_greedy_correct', 'nn_greedy_performance', 'nn_weighted_BE', 'nn_weighted_Bellman_Orthogonal_Portion', 'nn_weighted_PBE', 'nn_weighted_VE', 'policy_tv', 'policy_tv_max', 'policy_tv_on_policy', 'stat_dist_error', 'state_coverage', 'state_entropy_coverage', 'total_loss', 'v_pred_start', 'value_loss']"
Error summarizing exact_E_lambda_0.0: "Metric 'v_start' not found in metrics. Available: ['E', 'E_local', 'Mean_A', 'V_start', 'actor_loss', 'entropy', 'mu_tv', 'nn_advantage_cossim', 'nn_advantage_cossim_uniform', 'nn_advantage_mse', 'nn_advantage_mse_uniform', 'nn_greedy_correct', 'nn_greedy_performance', 'nn_weighted_BE', 'nn_weighted_Bellman_Orthogonal_Portion', 'nn_weighted_PBE', 'nn_weighted_VE', 'policy_tv', 'policy_tv_max', 'policy_tv_on_policy', 'stat_dist_error', 'state_coverage', 'state_entropy_coverage', 'total_loss', 'v_pred_start', 'value_loss']"
Error summarizing exact_td_lambda_0.5: "Metric 'v_start' not found in metrics. Available: ['E', 'E_local', 'Mean_A', 'V_start', 'actor_loss', 'entropy', 'mu_tv', 'nn_advantage_cossim', 'nn_advantage_cossim_uniform', 'nn_advantage_mse', 'nn_advantage_mse_uniform', 'nn_greedy_correct', 'nn_greedy_performance', 'nn_weighted_BE', 'nn_weighted_Bellman_Orthogonal_Portion', 'nn_weighted_PBE', 'nn_weighted_VE', 'policy_tv', 'policy_tv_max', 'policy_tv_on_policy', 'stat_dist_error', 'state_coverage', 'state_entropy_coverage', 'total_loss', 'v_pred_start', 'value_loss']"
Error summarizing exact_E_lambda_0.5: "Metric 'v_start' not found in metrics. Available: ['E', 'E_local', 'Mean_A', 'V_start', 'actor_loss', 'entropy', 'mu_tv', 'nn_advantage_cossim', 'nn_advantage_cossim_uniform', 'nn_advantage_mse', 'nn_advantage_mse_uniform', 'nn_greedy_correct', 'nn_greedy_performance', 'nn_weighted_BE', 'nn_weighted_Bellman_Orthogonal_Portion', 'nn_weighted_PBE', 'nn_weighted_VE', 'policy_tv', 'policy_tv_max', 'policy_tv_on_policy', 'stat_dist_error', 'state_coverage', 'state_entropy_coverage', 'total_loss', 'v_pred_start', 'value_loss']"
Error summarizing exact_td_lambda_0.9: "Metric 'v_start' not found in metrics. Available: ['E', 'E_local', 'Mean_A', 'V_start', 'actor_loss', 'entropy', 'mu_tv', 'nn_advantage_cossim', 'nn_advantage_cossim_uniform', 'nn_advantage_mse', 'nn_advantage_mse_uniform', 'nn_greedy_correct', 'nn_greedy_performance', 'nn_weighted_BE', 'nn_weighted_Bellman_Orthogonal_Portion', 'nn_weighted_PBE', 'nn_weighted_VE', 'policy_tv', 'policy_tv_max', 'policy_tv_on_policy', 'stat_dist_error', 'state_coverage', 'state_entropy_coverage', 'total_loss', 'v_pred_start', 'value_loss']"
Error summarizing exact_E_lambda_0.9: "Metric 'v_start' not found in metrics. Available: ['E', 'E_local', 'Mean_A', 'V_start', 'actor_loss', 'entropy', 'mu_tv', 'nn_advantage_cossim', 'nn_advantage_cossim_uniform', 'nn_advantage_mse', 'nn_advantage_mse_uniform', 'nn_greedy_correct', 'nn_greedy_performance', 'nn_weighted_BE', 'nn_weighted_Bellman_Orthogonal_Portion', 'nn_weighted_PBE', 'nn_weighted_VE', 'policy_tv', 'policy_tv_max', 'policy_tv_on_policy', 'stat_dist_error', 'state_coverage', 'state_entropy_coverage', 'total_loss', 'v_pred_start', 'value_loss']"
Error summarizing exact_td_lambda_0.95: "Metric 'v_start' not found in metrics. Available: ['E', 'E_local', 'Mean_A', 'V_start', 'actor_loss', 'entropy', 'mu_tv', 'nn_advantage_cossim', 'nn_advantage_cossim_uniform', 'nn_advantage_mse', 'nn_advantage_mse_uniform', 'nn_greedy_correct', 'nn_greedy_performance', 'nn_weighted_BE', 'nn_weighted_Bellman_Orthogonal_Portion', 'nn_weighted_PBE', 'nn_weighted_VE', 'policy_tv', 'policy_tv_max', 'policy_tv_on_policy', 'stat_dist_error', 'state_coverage', 'state_entropy_coverage', 'total_loss', 'v_pred_start', 'value_loss']"
Error summarizing exact_E_lambda_0.95: "Metric 'v_start' not found in metrics. Available: ['E', 'E_local', 'Mean_A', 'V_start', 'actor_loss', 'entropy', 'mu_tv', 'nn_advantage_cossim', 'nn_advantage_cossim_uniform', 'nn_advantage_mse', 'nn_advantage_mse_uniform', 'nn_greedy_correct', 'nn_greedy_performance', 'nn_weighted_BE', 'nn_weighted_Bellman_Orthogonal_Portion', 'nn_weighted_PBE', 'nn_weighted_VE', 'policy_tv', 'policy_tv_max', 'policy_tv_on_policy', 'stat_dist_error', 'state_coverage', 'state_entropy_coverage', 'total_loss', 'v_pred_start', 'value_loss']"
Error summarizing exact_td_lambda_0.99: "Metric 'v_start' not found in metrics. Available: ['E', 'E_local', 'Mean_A', 'V_start', 'actor_loss', 'entropy', 'mu_tv', 'nn_advantage_cossim', 'nn_advantage_cossim_uniform', 'nn_advantage_mse', 'nn_advantage_mse_uniform', 'nn_greedy_correct', 'nn_greedy_performance', 'nn_weighted_BE', 'nn_weighted_Bellman_Orthogonal_Portion', 'nn_weighted_PBE', 'nn_weighted_VE', 'policy_tv', 'policy_tv_max', 'policy_tv_on_policy', 'stat_dist_error', 'state_coverage', 'state_entropy_coverage', 'total_loss', 'v_pred_start', 'value_loss']"
Error summarizing exact_E_lambda_0.99: "Metric 'v_start' not found in metrics. Available: ['E', 'E_local', 'Mean_A', 'V_start', 'actor_loss', 'entropy', 'mu_tv', 'nn_advantage_cossim', 'nn_advantage_cossim_uniform', 'nn_advantage_mse', 'nn_advantage_mse_uniform', 'nn_greedy_correct', 'nn_greedy_performance', 'nn_weighted_BE', 'nn_weighted_Bellman_Orthogonal_Portion', 'nn_weighted_PBE', 'nn_weighted_VE', 'policy_tv', 'policy_tv_max', 'policy_tv_on_policy', 'stat_dist_error', 'state_coverage', 'state_entropy_coverage', 'total_loss', 'v_pred_start', 'value_loss']"
Comparison summary saved to results/lambda_sweep/20260915_230741/MountainCar-v0/ppo/comparison/comparison_summary.csv
Summary generated for MountainCar-v0/ppo
Could not load/extract best configuration for exact_td_lambda_0.0: "Metric 'v_start' not found in metrics. Available: ['E', 'E_local', 'Mean_A', 'V_start', 'actor_loss', 'entropy', 'mu_tv', 'nn_advantage_cossim', 'nn_advantage_cossim_uniform', 'nn_advantage_mse', 'nn_advantage_mse_uniform', 'nn_greedy_correct', 'nn_greedy_performance', 'nn_weighted_BE', 'nn_weighted_Bellman_Orthogonal_Portion', 'nn_weighted_PBE', 'nn_weighted_VE', 'policy_tv', 'policy_tv_max', 'policy_tv_on_policy', 'stat_dist_error', 'state_coverage', 'state_entropy_coverage', 'total_loss', 'v_pred_start', 'value_loss']"
Could not load/extract best configuration for exact_E_lambda_0.0: "Metric 'v_start' not found in metrics. Available: ['E', 'E_local', 'Mean_A', 'V_start', 'actor_loss', 'entropy', 'mu_tv', 'nn_advantage_cossim', 'nn_advantage_cossim_uniform', 'nn_advantage_mse', 'nn_advantage_mse_uniform', 'nn_greedy_correct', 'nn_greedy_performance', 'nn_weighted_BE', 'nn_weighted_Bellman_Orthogonal_Portion', 'nn_weighted_PBE', 'nn_weighted_VE', 'policy_tv', 'policy_tv_max', 'policy_tv_on_policy', 'stat_dist_error', 'state_coverage', 'state_entropy_coverage', 'total_loss', 'v_pred_start', 'value_loss']"
Could not load/extract best configuration for exact_td_lambda_0.5: "Metric 'v_start' not found in metrics. Available: ['E', 'E_local', 'Mean_A', 'V_start', 'actor_loss', 'entropy', 'mu_tv', 'nn_advantage_cossim', 'nn_advantage_cossim_uniform', 'nn_advantage_mse', 'nn_advantage_mse_uniform', 'nn_greedy_correct', 'nn_greedy_performance', 'nn_weighted_BE', 'nn_weighted_Bellman_Orthogonal_Portion', 'nn_weighted_PBE', 'nn_weighted_VE', 'policy_tv', 'policy_tv_max', 'policy_tv_on_policy', 'stat_dist_error', 'state_coverage', 'state_entropy_coverage', 'total_loss', 'v_pred_start', 'value_loss']"
Could not load/extract best configuration for exact_E_lambda_0.5: "Metric 'v_start' not found in metrics. Available: ['E', 'E_local', 'Mean_A', 'V_start', 'actor_loss', 'entropy', 'mu_tv', 'nn_advantage_cossim', 'nn_advantage_cossim_uniform', 'nn_advantage_mse', 'nn_advantage_mse_uniform', 'nn_greedy_correct', 'nn_greedy_performance', 'nn_weighted_BE', 'nn_weighted_Bellman_Orthogonal_Portion', 'nn_weighted_PBE', 'nn_weighted_VE', 'policy_tv', 'policy_tv_max', 'policy_tv_on_policy', 'stat_dist_error', 'state_coverage', 'state_entropy_coverage', 'total_loss', 'v_pred_start', 'value_loss']"
Could not load/extract best configuration for exact_td_lambda_0.9: "Metric 'v_start' not found in metrics. Available: ['E', 'E_local', 'Mean_A', 'V_start', 'actor_loss', 'entropy', 'mu_tv', 'nn_advantage_cossim', 'nn_advantage_cossim_uniform', 'nn_advantage_mse', 'nn_advantage_mse_uniform', 'nn_greedy_correct', 'nn_greedy_performance', 'nn_weighted_BE', 'nn_weighted_Bellman_Orthogonal_Portion', 'nn_weighted_PBE', 'nn_weighted_VE', 'policy_tv', 'policy_tv_max', 'policy_tv_on_policy', 'stat_dist_error', 'state_coverage', 'state_entropy_coverage', 'total_loss', 'v_pred_start', 'value_loss']"
Could not load/extract best configuration for exact_E_lambda_0.9: "Metric 'v_start' not found in metrics. Available: ['E', 'E_local', 'Mean_A', 'V_start', 'actor_loss', 'entropy', 'mu_tv', 'nn_advantage_cossim', 'nn_advantage_cossim_uniform', 'nn_advantage_mse', 'nn_advantage_mse_uniform', 'nn_greedy_correct', 'nn_greedy_performance', 'nn_weighted_BE', 'nn_weighted_Bellman_Orthogonal_Portion', 'nn_weighted_PBE', 'nn_weighted_VE', 'policy_tv', 'policy_tv_max', 'policy_tv_on_policy', 'stat_dist_error', 'state_coverage', 'state_entropy_coverage', 'total_loss', 'v_pred_start', 'value_loss']"
Could not load/extract best configuration for exact_td_lambda_0.95: "Metric 'v_start' not found in metrics. Available: ['E', 'E_local', 'Mean_A', 'V_start', 'actor_loss', 'entropy', 'mu_tv', 'nn_advantage_cossim', 'nn_advantage_cossim_uniform', 'nn_advantage_mse', 'nn_advantage_mse_uniform', 'nn_greedy_correct', 'nn_greedy_performance', 'nn_weighted_BE', 'nn_weighted_Bellman_Orthogonal_Portion', 'nn_weighted_PBE', 'nn_weighted_VE', 'policy_tv', 'policy_tv_max', 'policy_tv_on_policy', 'stat_dist_error', 'state_coverage', 'state_entropy_coverage', 'total_loss', 'v_pred_start', 'value_loss']"
Could not load/extract best configuration for exact_E_lambda_0.95: "Metric 'v_start' not found in metrics. Available: ['E', 'E_local', 'Mean_A', 'V_start', 'actor_loss', 'entropy', 'mu_tv', 'nn_advantage_cossim', 'nn_advantage_cossim_uniform', 'nn_advantage_mse', 'nn_advantage_mse_uniform', 'nn_greedy_correct', 'nn_greedy_performance', 'nn_weighted_BE', 'nn_weighted_Bellman_Orthogonal_Portion', 'nn_weighted_PBE', 'nn_weighted_VE', 'policy_tv', 'policy_tv_max', 'policy_tv_on_policy', 'stat_dist_error', 'state_coverage', 'state_entropy_coverage', 'total_loss', 'v_pred_start', 'value_loss']"
Could not load/extract best configuration for exact_td_lambda_0.99: "Metric 'v_start' not found in metrics. Available: ['E', 'E_local', 'Mean_A', 'V_start', 'actor_loss', 'entropy', 'mu_tv', 'nn_advantage_cossim', 'nn_advantage_cossim_uniform', 'nn_advantage_mse', 'nn_advantage_mse_uniform', 'nn_greedy_correct', 'nn_greedy_performance', 'nn_weighted_BE', 'nn_weighted_Bellman_Orthogonal_Portion', 'nn_weighted_PBE', 'nn_weighted_VE', 'policy_tv', 'policy_tv_max', 'policy_tv_on_policy', 'stat_dist_error', 'state_coverage', 'state_entropy_coverage', 'total_loss', 'v_pred_start', 'value_loss']"
Could not load/extract best configuration for exact_E_lambda_0.99: "Metric 'v_start' not found in metrics. Available: ['E', 'E_local', 'Mean_A', 'V_start', 'actor_loss', 'entropy', 'mu_tv', 'nn_advantage_cossim', 'nn_advantage_cossim_uniform', 'nn_advantage_mse', 'nn_advantage_mse_uniform', 'nn_greedy_correct', 'nn_greedy_performance', 'nn_weighted_BE', 'nn_weighted_Bellman_Orthogonal_Portion', 'nn_weighted_PBE', 'nn_weighted_VE', 'policy_tv', 'policy_tv_max', 'policy_tv_on_policy', 'stat_dist_error', 'state_coverage', 'state_entropy_coverage', 'total_loss', 'v_pred_start', 'value_loss']"
No algorithms could be plotted.
Plot saved to results/lambda_sweep/20260915_230741/MountainCar-v0/ppo/comparison/lambda_comparison_plot.png
Generating diagnostic GIFs for best configs...
  -> Rolling out exact_td_lambda_0.0 for GIF...
Failed to generate GIF for exact_td_lambda_0.0: 'TOTAL_TIMESTEPS'
  -> Rolling out exact_E_lambda_0.0 for GIF...
Failed to generate GIF for exact_E_lambda_0.0: 'TOTAL_TIMESTEPS'
  -> Rolling out exact_td_lambda_0.5 for GIF...
Failed to generate GIF for exact_td_lambda_0.5: 'TOTAL_TIMESTEPS'
  -> Rolling out exact_E_lambda_0.5 for GIF...
Failed to generate GIF for exact_E_lambda_0.5: 'TOTAL_TIMESTEPS'
  -> Rolling out exact_td_lambda_0.9 for GIF...
Failed to generate GIF for exact_td_lambda_0.9: 'TOTAL_TIMESTEPS'
  -> Rolling out exact_E_lambda_0.9 for GIF...
Failed to generate GIF for exact_E_lambda_0.9: 'TOTAL_TIMESTEPS'
  -> Rolling out exact_td_lambda_0.95 for GIF...
Failed to generate GIF for exact_td_lambda_0.95: 'TOTAL_TIMESTEPS'
  -> Rolling out exact_E_lambda_0.95 for GIF...
Failed to generate GIF for exact_E_lambda_0.95: 'TOTAL_TIMESTEPS'
  -> Rolling out exact_td_lambda_0.99 for GIF...
Failed to generate GIF for exact_td_lambda_0.99: 'TOTAL_TIMESTEPS'
  -> Rolling out exact_E_lambda_0.99 for GIF...
Failed to generate GIF for exact_E_lambda_0.99: 'TOTAL_TIMESTEPS'
================================================================================
Diagnostics complete!
Diagnostics completed successfully. Now compressing results...
20260915_230741/
20260915_230741/EightRooms/
20260915_230741/EightRooms/random/
20260915_230741/EightRooms/random/exact_td_lambda_0.0/
20260915_230741/EightRooms/random/exact_td_lambda_0.0/tuning/
20260915_230741/EightRooms/random/exact_td_lambda_0.0/tuning/20260915_230806/
20260915_230741/EightRooms/random/exact_td_lambda_0.0/tuning/20260915_230806/EightRooms/
20260915_230741/EightRooms/random/exact_td_lambda_0.0/tuning/20260915_230806/EightRooms/tuning_summary.csv
20260915_230741/EightRooms/random/exact_td_lambda_0.0/tuning/20260915_230806/EightRooms/tuning_summary.json
20260915_230741/EightRooms/random/exact_td_lambda_0.0/tuning/20260915_230806/EightRooms/best_config.json
20260915_230741/EightRooms/random/exact_td_lambda_0.0/tuning/20260915_230806/EightRooms/out.pkl
20260915_230741/EightRooms/random/exact_td_lambda_0.0/tuning/20260915_230806/EightRooms/config.json
20260915_230741/EightRooms/random/exact_td_lambda_0.0/tuning/20260915_230806/EightRooms/hyperparameter_sweep_nn_weighted_VE.png
20260915_230741/EightRooms/random/exact_td_lambda_0.0/tuning/20260915_230806/EightRooms/best_config_seeds.png
20260915_230741/EightRooms/random/exact_td_lambda_0.0/tuning/20260915_230806/EightRooms/all_configs_seeds_grid.png
20260915_230741/EightRooms/random/exact_td_lambda_0.5/
20260915_230741/EightRooms/random/exact_td_lambda_0.5/tuning/
20260915_230741/EightRooms/random/exact_td_lambda_0.5/tuning/20260915_230901/
20260915_230741/EightRooms/random/exact_td_lambda_0.5/tuning/20260915_230901/EightRooms/
20260915_230741/EightRooms/random/exact_td_lambda_0.5/tuning/20260915_230901/EightRooms/tuning_summary.csv
20260915_230741/EightRooms/random/exact_td_lambda_0.5/tuning/20260915_230901/EightRooms/tuning_summary.json
20260915_230741/EightRooms/random/exact_td_lambda_0.5/tuning/20260915_230901/EightRooms/best_config.json
20260915_230741/EightRooms/random/exact_td_lambda_0.5/tuning/20260915_230901/EightRooms/out.pkl
20260915_230741/EightRooms/random/exact_td_lambda_0.5/tuning/20260915_230901/EightRooms/config.json
20260915_230741/EightRooms/random/exact_td_lambda_0.5/tuning/20260915_230901/EightRooms/hyperparameter_sweep_nn_weighted_VE.png
20260915_230741/EightRooms/random/exact_td_lambda_0.5/tuning/20260915_230901/EightRooms/best_config_seeds.png
20260915_230741/EightRooms/random/exact_td_lambda_0.5/tuning/20260915_230901/EightRooms/all_configs_seeds_grid.png
20260915_230741/EightRooms/random/exact_td_lambda_0.9/
20260915_230741/EightRooms/random/exact_td_lambda_0.9/tuning/
20260915_230741/EightRooms/random/exact_td_lambda_0.9/tuning/20260915_230935/
20260915_230741/EightRooms/random/exact_td_lambda_0.9/tuning/20260915_230935/EightRooms/
20260915_230741/EightRooms/random/exact_td_lambda_0.9/tuning/20260915_230935/EightRooms/tuning_summary.csv
20260915_230741/EightRooms/random/exact_td_lambda_0.9/tuning/20260915_230935/EightRooms/tuning_summary.json
20260915_230741/EightRooms/random/exact_td_lambda_0.9/tuning/20260915_230935/EightRooms/best_config.json
20260915_230741/EightRooms/random/exact_td_lambda_0.9/tuning/20260915_230935/EightRooms/out.pkl
20260915_230741/EightRooms/random/exact_td_lambda_0.9/tuning/20260915_230935/EightRooms/config.json
20260915_230741/EightRooms/random/exact_td_lambda_0.9/tuning/20260915_230935/EightRooms/hyperparameter_sweep_nn_weighted_VE.png
20260915_230741/EightRooms/random/exact_td_lambda_0.9/tuning/20260915_230935/EightRooms/best_config_seeds.png
20260915_230741/EightRooms/random/exact_td_lambda_0.9/tuning/20260915_230935/EightRooms/all_configs_seeds_grid.png
20260915_230741/EightRooms/random/exact_td_lambda_0.95/
20260915_230741/EightRooms/random/exact_td_lambda_0.95/tuning/
20260915_230741/EightRooms/random/exact_td_lambda_0.95/tuning/20260915_231010/
20260915_230741/EightRooms/random/exact_td_lambda_0.95/tuning/20260915_231010/EightRooms/
20260915_230741/EightRooms/random/exact_td_lambda_0.95/tuning/20260915_231010/EightRooms/tuning_summary.csv
20260915_230741/EightRooms/random/exact_td_lambda_0.95/tuning/20260915_231010/EightRooms/tuning_summary.json
20260915_230741/EightRooms/random/exact_td_lambda_0.95/tuning/20260915_231010/EightRooms/best_config.json
20260915_230741/EightRooms/random/exact_td_lambda_0.95/tuning/20260915_231010/EightRooms/out.pkl
20260915_230741/EightRooms/random/exact_td_lambda_0.95/tuning/20260915_231010/EightRooms/config.json
20260915_230741/EightRooms/random/exact_td_lambda_0.95/tuning/20260915_231010/EightRooms/hyperparameter_sweep_nn_weighted_VE.png
20260915_230741/EightRooms/random/exact_td_lambda_0.95/tuning/20260915_231010/EightRooms/best_config_seeds.png
20260915_230741/EightRooms/random/exact_td_lambda_0.95/tuning/20260915_231010/EightRooms/all_configs_seeds_grid.png
20260915_230741/EightRooms/random/exact_td_lambda_0.99/
20260915_230741/EightRooms/random/exact_td_lambda_0.99/tuning/
20260915_230741/EightRooms/random/exact_td_lambda_0.99/tuning/20260915_231045/
20260915_230741/EightRooms/random/exact_td_lambda_0.99/tuning/20260915_231045/EightRooms/
20260915_230741/EightRooms/random/exact_td_lambda_0.99/tuning/20260915_231045/EightRooms/tuning_summary.csv
20260915_230741/EightRooms/random/exact_td_lambda_0.99/tuning/20260915_231045/EightRooms/tuning_summary.json
20260915_230741/EightRooms/random/exact_td_lambda_0.99/tuning/20260915_231045/EightRooms/best_config.json
20260915_230741/EightRooms/random/exact_td_lambda_0.99/tuning/20260915_231045/EightRooms/out.pkl
20260915_230741/EightRooms/random/exact_td_lambda_0.99/tuning/20260915_231045/EightRooms/config.json
20260915_230741/EightRooms/random/exact_td_lambda_0.99/tuning/20260915_231045/EightRooms/hyperparameter_sweep_nn_weighted_VE.png
20260915_230741/EightRooms/random/exact_td_lambda_0.99/tuning/20260915_231045/EightRooms/best_config_seeds.png
20260915_230741/EightRooms/random/exact_td_lambda_0.99/tuning/20260915_231045/EightRooms/all_configs_seeds_grid.png
20260915_230741/EightRooms/random/exact_E_lambda_0.0/
20260915_230741/EightRooms/random/exact_E_lambda_0.0/tuning/
20260915_230741/EightRooms/random/exact_E_lambda_0.0/tuning/20260915_231137/
20260915_230741/EightRooms/random/exact_E_lambda_0.0/tuning/20260915_231137/EightRooms/
20260915_230741/EightRooms/random/exact_E_lambda_0.0/tuning/20260915_231137/EightRooms/tuning_summary.csv
20260915_230741/EightRooms/random/exact_E_lambda_0.0/tuning/20260915_231137/EightRooms/tuning_summary.json
20260915_230741/EightRooms/random/exact_E_lambda_0.0/tuning/20260915_231137/EightRooms/best_config.json
20260915_230741/EightRooms/random/exact_E_lambda_0.0/tuning/20260915_231137/EightRooms/out.pkl
20260915_230741/EightRooms/random/exact_E_lambda_0.0/tuning/20260915_231137/EightRooms/config.json
20260915_230741/EightRooms/random/exact_E_lambda_0.0/tuning/20260915_231137/EightRooms/hyperparameter_sweep_nn_weighted_VE.png
20260915_230741/EightRooms/random/exact_E_lambda_0.0/tuning/20260915_231137/EightRooms/best_config_seeds.png
20260915_230741/EightRooms/random/exact_E_lambda_0.0/tuning/20260915_231137/EightRooms/all_configs_seeds_grid.png
20260915_230741/EightRooms/random/exact_E_lambda_0.5/
20260915_230741/EightRooms/random/exact_E_lambda_0.5/tuning/
20260915_230741/EightRooms/random/exact_E_lambda_0.5/tuning/20260915_231233/
20260915_230741/EightRooms/random/exact_E_lambda_0.5/tuning/20260915_231233/EightRooms/
20260915_230741/EightRooms/random/exact_E_lambda_0.5/tuning/20260915_231233/EightRooms/tuning_summary.csv
20260915_230741/EightRooms/random/exact_E_lambda_0.5/tuning/20260915_231233/EightRooms/tuning_summary.json
20260915_230741/EightRooms/random/exact_E_lambda_0.5/tuning/20260915_231233/EightRooms/best_config.json
20260915_230741/EightRooms/random/exact_E_lambda_0.5/tuning/20260915_231233/EightRooms/out.pkl
20260915_230741/EightRooms/random/exact_E_lambda_0.5/tuning/20260915_231233/EightRooms/config.json
20260915_230741/EightRooms/random/exact_E_lambda_0.5/tuning/20260915_231233/EightRooms/hyperparameter_sweep_nn_weighted_VE.png
20260915_230741/EightRooms/random/exact_E_lambda_0.5/tuning/20260915_231233/EightRooms/best_config_seeds.png
20260915_230741/EightRooms/random/exact_E_lambda_0.5/tuning/20260915_231233/EightRooms/all_configs_seeds_grid.png
20260915_230741/EightRooms/random/exact_E_lambda_0.9/
20260915_230741/EightRooms/random/exact_E_lambda_0.9/tuning/
20260915_230741/EightRooms/random/exact_E_lambda_0.9/tuning/20260915_231308/
20260915_230741/EightRooms/random/exact_E_lambda_0.9/tuning/20260915_231308/EightRooms/
20260915_230741/EightRooms/random/exact_E_lambda_0.9/tuning/20260915_231308/EightRooms/tuning_summary.csv
20260915_230741/EightRooms/random/exact_E_lambda_0.9/tuning/20260915_231308/EightRooms/tuning_summary.json
20260915_230741/EightRooms/random/exact_E_lambda_0.9/tuning/20260915_231308/EightRooms/best_config.json
20260915_230741/EightRooms/random/exact_E_lambda_0.9/tuning/20260915_231308/EightRooms/out.pkl
20260915_230741/EightRooms/random/exact_E_lambda_0.9/tuning/20260915_231308/EightRooms/config.json
20260915_230741/EightRooms/random/exact_E_lambda_0.9/tuning/20260915_231308/EightRooms/hyperparameter_sweep_nn_weighted_VE.png
20260915_230741/EightRooms/random/exact_E_lambda_0.9/tuning/20260915_231308/EightRooms/best_config_seeds.png
20260915_230741/EightRooms/random/exact_E_lambda_0.9/tuning/20260915_231308/EightRooms/all_configs_seeds_grid.png
20260915_230741/EightRooms/random/exact_E_lambda_0.95/
20260915_230741/EightRooms/random/exact_E_lambda_0.95/tuning/
20260915_230741/EightRooms/random/exact_E_lambda_0.95/tuning/20260915_231342/
20260915_230741/EightRooms/random/exact_E_lambda_0.95/tuning/20260915_231342/EightRooms/
20260915_230741/EightRooms/random/exact_E_lambda_0.95/tuning/20260915_231342/EightRooms/tuning_summary.csv
20260915_230741/EightRooms/random/exact_E_lambda_0.95/tuning/20260915_231342/EightRooms/tuning_summary.json
20260915_230741/EightRooms/random/exact_E_lambda_0.95/tuning/20260915_231342/EightRooms/best_config.json
20260915_230741/EightRooms/random/exact_E_lambda_0.95/tuning/20260915_231342/EightRooms/out.pkl
20260915_230741/EightRooms/random/exact_E_lambda_0.95/tuning/20260915_231342/EightRooms/config.json
20260915_230741/EightRooms/random/exact_E_lambda_0.95/tuning/20260915_231342/EightRooms/hyperparameter_sweep_nn_weighted_VE.png
20260915_230741/EightRooms/random/exact_E_lambda_0.95/tuning/20260915_231342/EightRooms/best_config_seeds.png
20260915_230741/EightRooms/random/exact_E_lambda_0.95/tuning/20260915_231342/EightRooms/all_configs_seeds_grid.png
20260915_230741/EightRooms/random/exact_E_lambda_0.99/
20260915_230741/EightRooms/random/exact_E_lambda_0.99/tuning/
20260915_230741/EightRooms/random/exact_E_lambda_0.99/tuning/20260915_231417/
20260915_230741/EightRooms/random/exact_E_lambda_0.99/tuning/20260915_231417/EightRooms/
20260915_230741/EightRooms/random/exact_E_lambda_0.99/tuning/20260915_231417/EightRooms/tuning_summary.csv
20260915_230741/EightRooms/random/exact_E_lambda_0.99/tuning/20260915_231417/EightRooms/tuning_summary.json
20260915_230741/EightRooms/random/exact_E_lambda_0.99/tuning/20260915_231417/EightRooms/best_config.json
20260915_230741/EightRooms/random/exact_E_lambda_0.99/tuning/20260915_231417/EightRooms/out.pkl
20260915_230741/EightRooms/random/exact_E_lambda_0.99/tuning/20260915_231417/EightRooms/config.json
20260915_230741/EightRooms/random/exact_E_lambda_0.99/tuning/20260915_231417/EightRooms/hyperparameter_sweep_nn_weighted_VE.png
20260915_230741/EightRooms/random/exact_E_lambda_0.99/tuning/20260915_231417/EightRooms/best_config_seeds.png
20260915_230741/EightRooms/random/exact_E_lambda_0.99/tuning/20260915_231417/EightRooms/all_configs_seeds_grid.png
20260915_230741/EightRooms/random/comparison/
20260915_230741/EightRooms/random/comparison/comparison_summary.csv
20260915_230741/EightRooms/random/comparison/lambda_comparison_plot.png
20260915_230741/EightRooms/fixed/
20260915_230741/EightRooms/fixed/exact_E_lambda_0.0/
20260915_230741/EightRooms/fixed/exact_E_lambda_0.0/tuning/
20260915_230741/EightRooms/fixed/exact_E_lambda_0.0/tuning/20260915_230807/
20260915_230741/EightRooms/fixed/exact_E_lambda_0.0/tuning/20260915_230807/EightRooms/
20260915_230741/EightRooms/fixed/exact_E_lambda_0.0/tuning/20260915_230807/EightRooms/tuning_summary.csv
20260915_230741/EightRooms/fixed/exact_E_lambda_0.0/tuning/20260915_230807/EightRooms/tuning_summary.json
20260915_230741/EightRooms/fixed/exact_E_lambda_0.0/tuning/20260915_230807/EightRooms/best_config.json
20260915_230741/EightRooms/fixed/exact_E_lambda_0.0/tuning/20260915_230807/EightRooms/out.pkl
20260915_230741/EightRooms/fixed/exact_E_lambda_0.0/tuning/20260915_230807/EightRooms/config.json
20260915_230741/EightRooms/fixed/exact_E_lambda_0.0/tuning/20260915_230807/EightRooms/hyperparameter_sweep_nn_weighted_VE.png
20260915_230741/EightRooms/fixed/exact_E_lambda_0.0/tuning/20260915_230807/EightRooms/best_config_seeds.png
20260915_230741/EightRooms/fixed/exact_E_lambda_0.0/tuning/20260915_230807/EightRooms/all_configs_seeds_grid.png
20260915_230741/EightRooms/fixed/exact_td_lambda_0.0/
20260915_230741/EightRooms/fixed/exact_td_lambda_0.0/tuning/
20260915_230741/EightRooms/fixed/exact_td_lambda_0.0/tuning/20260915_230807/
20260915_230741/EightRooms/fixed/exact_td_lambda_0.0/tuning/20260915_230807/EightRooms/
20260915_230741/EightRooms/fixed/exact_td_lambda_0.0/tuning/20260915_230807/EightRooms/tuning_summary.csv
20260915_230741/EightRooms/fixed/exact_td_lambda_0.0/tuning/20260915_230807/EightRooms/tuning_summary.json
20260915_230741/EightRooms/fixed/exact_td_lambda_0.0/tuning/20260915_230807/EightRooms/best_config.json
20260915_230741/EightRooms/fixed/exact_td_lambda_0.0/tuning/20260915_230807/EightRooms/out.pkl
20260915_230741/EightRooms/fixed/exact_td_lambda_0.0/tuning/20260915_230807/EightRooms/config.json
20260915_230741/EightRooms/fixed/exact_td_lambda_0.0/tuning/20260915_230807/EightRooms/hyperparameter_sweep_nn_weighted_VE.png
20260915_230741/EightRooms/fixed/exact_td_lambda_0.0/tuning/20260915_230807/EightRooms/best_config_seeds.png
20260915_230741/EightRooms/fixed/exact_td_lambda_0.0/tuning/20260915_230807/EightRooms/all_configs_seeds_grid.png
20260915_230741/EightRooms/fixed/exact_td_lambda_0.5/
20260915_230741/EightRooms/fixed/exact_td_lambda_0.5/tuning/
20260915_230741/EightRooms/fixed/exact_td_lambda_0.5/tuning/20260915_230901/
20260915_230741/EightRooms/fixed/exact_td_lambda_0.5/tuning/20260915_230901/EightRooms/
20260915_230741/EightRooms/fixed/exact_td_lambda_0.5/tuning/20260915_230901/EightRooms/tuning_summary.csv
20260915_230741/EightRooms/fixed/exact_td_lambda_0.5/tuning/20260915_230901/EightRooms/tuning_summary.json
20260915_230741/EightRooms/fixed/exact_td_lambda_0.5/tuning/20260915_230901/EightRooms/best_config.json
20260915_230741/EightRooms/fixed/exact_td_lambda_0.5/tuning/20260915_230901/EightRooms/out.pkl
20260915_230741/EightRooms/fixed/exact_td_lambda_0.5/tuning/20260915_230901/EightRooms/config.json
20260915_230741/EightRooms/fixed/exact_td_lambda_0.5/tuning/20260915_230901/EightRooms/hyperparameter_sweep_nn_weighted_VE.png
20260915_230741/EightRooms/fixed/exact_td_lambda_0.5/tuning/20260915_230901/EightRooms/best_config_seeds.png
20260915_230741/EightRooms/fixed/exact_td_lambda_0.5/tuning/20260915_230901/EightRooms/all_configs_seeds_grid.png
20260915_230741/EightRooms/fixed/exact_E_lambda_0.5/
20260915_230741/EightRooms/fixed/exact_E_lambda_0.5/tuning/
20260915_230741/EightRooms/fixed/exact_E_lambda_0.5/tuning/20260915_230906/
20260915_230741/EightRooms/fixed/exact_E_lambda_0.5/tuning/20260915_230906/EightRooms/
20260915_230741/EightRooms/fixed/exact_E_lambda_0.5/tuning/20260915_230906/EightRooms/tuning_summary.csv
20260915_230741/EightRooms/fixed/exact_E_lambda_0.5/tuning/20260915_230906/EightRooms/tuning_summary.json
20260915_230741/EightRooms/fixed/exact_E_lambda_0.5/tuning/20260915_230906/EightRooms/best_config.json
20260915_230741/EightRooms/fixed/exact_E_lambda_0.5/tuning/20260915_230906/EightRooms/out.pkl
20260915_230741/EightRooms/fixed/exact_E_lambda_0.5/tuning/20260915_230906/EightRooms/config.json
20260915_230741/EightRooms/fixed/exact_E_lambda_0.5/tuning/20260915_230906/EightRooms/hyperparameter_sweep_nn_weighted_VE.png
20260915_230741/EightRooms/fixed/exact_E_lambda_0.5/tuning/20260915_230906/EightRooms/best_config_seeds.png
20260915_230741/EightRooms/fixed/exact_E_lambda_0.5/tuning/20260915_230906/EightRooms/all_configs_seeds_grid.png
20260915_230741/EightRooms/fixed/exact_td_lambda_0.9/
20260915_230741/EightRooms/fixed/exact_td_lambda_0.9/tuning/
20260915_230741/EightRooms/fixed/exact_td_lambda_0.9/tuning/20260915_230936/
20260915_230741/EightRooms/fixed/exact_td_lambda_0.9/tuning/20260915_230936/EightRooms/
20260915_230741/EightRooms/fixed/exact_td_lambda_0.9/tuning/20260915_230936/EightRooms/tuning_summary.csv
20260915_230741/EightRooms/fixed/exact_td_lambda_0.9/tuning/20260915_230936/EightRooms/tuning_summary.json
20260915_230741/EightRooms/fixed/exact_td_lambda_0.9/tuning/20260915_230936/EightRooms/best_config.json
20260915_230741/EightRooms/fixed/exact_td_lambda_0.9/tuning/20260915_230936/EightRooms/out.pkl
20260915_230741/EightRooms/fixed/exact_td_lambda_0.9/tuning/20260915_230936/EightRooms/config.json
20260915_230741/EightRooms/fixed/exact_td_lambda_0.9/tuning/20260915_230936/EightRooms/hyperparameter_sweep_nn_weighted_VE.png
20260915_230741/EightRooms/fixed/exact_td_lambda_0.9/tuning/20260915_230936/EightRooms/best_config_seeds.png
20260915_230741/EightRooms/fixed/exact_td_lambda_0.9/tuning/20260915_230936/EightRooms/all_configs_seeds_grid.png
20260915_230741/EightRooms/fixed/exact_E_lambda_0.9/
20260915_230741/EightRooms/fixed/exact_E_lambda_0.9/tuning/
20260915_230741/EightRooms/fixed/exact_E_lambda_0.9/tuning/20260915_230942/
20260915_230741/EightRooms/fixed/exact_E_lambda_0.9/tuning/20260915_230942/EightRooms/
20260915_230741/EightRooms/fixed/exact_E_lambda_0.9/tuning/20260915_230942/EightRooms/tuning_summary.csv
20260915_230741/EightRooms/fixed/exact_E_lambda_0.9/tuning/20260915_230942/EightRooms/tuning_summary.json
20260915_230741/EightRooms/fixed/exact_E_lambda_0.9/tuning/20260915_230942/EightRooms/best_config.json
20260915_230741/EightRooms/fixed/exact_E_lambda_0.9/tuning/20260915_230942/EightRooms/out.pkl
20260915_230741/EightRooms/fixed/exact_E_lambda_0.9/tuning/20260915_230942/EightRooms/config.json
20260915_230741/EightRooms/fixed/exact_E_lambda_0.9/tuning/20260915_230942/EightRooms/hyperparameter_sweep_nn_weighted_VE.png
20260915_230741/EightRooms/fixed/exact_E_lambda_0.9/tuning/20260915_230942/EightRooms/best_config_seeds.png
20260915_230741/EightRooms/fixed/exact_E_lambda_0.9/tuning/20260915_230942/EightRooms/all_configs_seeds_grid.png
20260915_230741/EightRooms/fixed/exact_td_lambda_0.95/
20260915_230741/EightRooms/fixed/exact_td_lambda_0.95/tuning/
20260915_230741/EightRooms/fixed/exact_td_lambda_0.95/tuning/20260915_231011/
20260915_230741/EightRooms/fixed/exact_td_lambda_0.95/tuning/20260915_231011/EightRooms/
20260915_230741/EightRooms/fixed/exact_td_lambda_0.95/tuning/20260915_231011/EightRooms/tuning_summary.csv
20260915_230741/EightRooms/fixed/exact_td_lambda_0.95/tuning/20260915_231011/EightRooms/tuning_summary.json
20260915_230741/EightRooms/fixed/exact_td_lambda_0.95/tuning/20260915_231011/EightRooms/best_config.json
20260915_230741/EightRooms/fixed/exact_td_lambda_0.95/tuning/20260915_231011/EightRooms/out.pkl
20260915_230741/EightRooms/fixed/exact_td_lambda_0.95/tuning/20260915_231011/EightRooms/config.json
20260915_230741/EightRooms/fixed/exact_td_lambda_0.95/tuning/20260915_231011/EightRooms/hyperparameter_sweep_nn_weighted_VE.png
20260915_230741/EightRooms/fixed/exact_td_lambda_0.95/tuning/20260915_231011/EightRooms/best_config_seeds.png
20260915_230741/EightRooms/fixed/exact_td_lambda_0.95/tuning/20260915_231011/EightRooms/all_configs_seeds_grid.png
20260915_230741/EightRooms/fixed/exact_E_lambda_0.95/
20260915_230741/EightRooms/fixed/exact_E_lambda_0.95/tuning/
20260915_230741/EightRooms/fixed/exact_E_lambda_0.95/tuning/20260915_231018/
20260915_230741/EightRooms/fixed/exact_E_lambda_0.95/tuning/20260915_231018/EightRooms/
20260915_230741/EightRooms/fixed/exact_E_lambda_0.95/tuning/20260915_231018/EightRooms/tuning_summary.csv
20260915_230741/EightRooms/fixed/exact_E_lambda_0.95/tuning/20260915_231018/EightRooms/tuning_summary.json
20260915_230741/EightRooms/fixed/exact_E_lambda_0.95/tuning/20260915_231018/EightRooms/best_config.json
20260915_230741/EightRooms/fixed/exact_E_lambda_0.95/tuning/20260915_231018/EightRooms/out.pkl
20260915_230741/EightRooms/fixed/exact_E_lambda_0.95/tuning/20260915_231018/EightRooms/config.json
20260915_230741/EightRooms/fixed/exact_E_lambda_0.95/tuning/20260915_231018/EightRooms/hyperparameter_sweep_nn_weighted_VE.png
20260915_230741/EightRooms/fixed/exact_E_lambda_0.95/tuning/20260915_231018/EightRooms/best_config_seeds.png
20260915_230741/EightRooms/fixed/exact_E_lambda_0.95/tuning/20260915_231018/EightRooms/all_configs_seeds_grid.png
20260915_230741/EightRooms/fixed/exact_td_lambda_0.99/
20260915_230741/EightRooms/fixed/exact_td_lambda_0.99/tuning/
20260915_230741/EightRooms/fixed/exact_td_lambda_0.99/tuning/20260915_231047/
20260915_230741/EightRooms/fixed/exact_td_lambda_0.99/tuning/20260915_231047/EightRooms/
20260915_230741/EightRooms/fixed/exact_td_lambda_0.99/tuning/20260915_231047/EightRooms/tuning_summary.csv
20260915_230741/EightRooms/fixed/exact_td_lambda_0.99/tuning/20260915_231047/EightRooms/tuning_summary.json
20260915_230741/EightRooms/fixed/exact_td_lambda_0.99/tuning/20260915_231047/EightRooms/best_config.json
20260915_230741/EightRooms/fixed/exact_td_lambda_0.99/tuning/20260915_231047/EightRooms/out.pkl
20260915_230741/EightRooms/fixed/exact_td_lambda_0.99/tuning/20260915_231047/EightRooms/config.json
20260915_230741/EightRooms/fixed/exact_td_lambda_0.99/tuning/20260915_231047/EightRooms/hyperparameter_sweep_nn_weighted_VE.png
20260915_230741/EightRooms/fixed/exact_td_lambda_0.99/tuning/20260915_231047/EightRooms/best_config_seeds.png
20260915_230741/EightRooms/fixed/exact_td_lambda_0.99/tuning/20260915_231047/EightRooms/all_configs_seeds_grid.png
20260915_230741/EightRooms/fixed/exact_E_lambda_0.99/
20260915_230741/EightRooms/fixed/exact_E_lambda_0.99/tuning/
20260915_230741/EightRooms/fixed/exact_E_lambda_0.99/tuning/20260915_231054/
20260915_230741/EightRooms/fixed/exact_E_lambda_0.99/tuning/20260915_231054/EightRooms/
20260915_230741/EightRooms/fixed/exact_E_lambda_0.99/tuning/20260915_231054/EightRooms/tuning_summary.csv
20260915_230741/EightRooms/fixed/exact_E_lambda_0.99/tuning/20260915_231054/EightRooms/tuning_summary.json
20260915_230741/EightRooms/fixed/exact_E_lambda_0.99/tuning/20260915_231054/EightRooms/best_config.json
20260915_230741/EightRooms/fixed/exact_E_lambda_0.99/tuning/20260915_231054/EightRooms/out.pkl
20260915_230741/EightRooms/fixed/exact_E_lambda_0.99/tuning/20260915_231054/EightRooms/config.json
20260915_230741/EightRooms/fixed/exact_E_lambda_0.99/tuning/20260915_231054/EightRooms/hyperparameter_sweep_nn_weighted_VE.png
20260915_230741/EightRooms/fixed/exact_E_lambda_0.99/tuning/20260915_231054/EightRooms/best_config_seeds.png
20260915_230741/EightRooms/fixed/exact_E_lambda_0.99/tuning/20260915_231054/EightRooms/all_configs_seeds_grid.png
20260915_230741/EightRooms/fixed/comparison/
20260915_230741/EightRooms/fixed/comparison/comparison_summary.csv
20260915_230741/EightRooms/fixed/comparison/lambda_comparison_plot.png
20260915_230741/EightRooms/ppo/
20260915_230741/EightRooms/ppo/exact_td_lambda_0.0/
20260915_230741/EightRooms/ppo/exact_td_lambda_0.0/tuning/
20260915_230741/EightRooms/ppo/exact_td_lambda_0.0/tuning/20260915_231134/
20260915_230741/EightRooms/ppo/exact_td_lambda_0.0/tuning/20260915_231134/EightRooms/
20260915_230741/EightRooms/ppo/exact_td_lambda_0.0/tuning/20260915_231134/EightRooms/tuning_summary.csv
20260915_230741/EightRooms/ppo/exact_td_lambda_0.0/tuning/20260915_231134/EightRooms/tuning_summary.json
20260915_230741/EightRooms/ppo/exact_td_lambda_0.0/tuning/20260915_231134/EightRooms/best_config.json
20260915_230741/EightRooms/ppo/exact_td_lambda_0.0/tuning/20260915_231134/EightRooms/out.pkl
20260915_230741/EightRooms/ppo/exact_td_lambda_0.0/tuning/20260915_231134/EightRooms/config.json
20260915_230741/EightRooms/ppo/exact_td_lambda_0.0/tuning/20260915_231134/EightRooms/hyperparameter_sweep_V_start.png
20260915_230741/EightRooms/ppo/exact_td_lambda_0.0/tuning/20260915_231134/EightRooms/best_config_seeds.png
20260915_230741/EightRooms/ppo/exact_td_lambda_0.0/tuning/20260915_231134/EightRooms/all_configs_seeds_grid.png
20260915_230741/EightRooms/ppo/exact_E_lambda_0.0/
20260915_230741/EightRooms/ppo/exact_E_lambda_0.0/tuning/
20260915_230741/EightRooms/ppo/exact_E_lambda_0.0/tuning/20260915_231202/
20260915_230741/EightRooms/ppo/exact_E_lambda_0.0/tuning/20260915_231202/EightRooms/
20260915_230741/EightRooms/ppo/exact_E_lambda_0.0/tuning/20260915_231202/EightRooms/tuning_summary.csv
20260915_230741/EightRooms/ppo/exact_E_lambda_0.0/tuning/20260915_231202/EightRooms/tuning_summary.json
20260915_230741/EightRooms/ppo/exact_E_lambda_0.0/tuning/20260915_231202/EightRooms/best_config.json
20260915_230741/EightRooms/ppo/exact_E_lambda_0.0/tuning/20260915_231202/EightRooms/out.pkl
20260915_230741/EightRooms/ppo/exact_E_lambda_0.0/tuning/20260915_231202/EightRooms/config.json
20260915_230741/EightRooms/ppo/exact_E_lambda_0.0/tuning/20260915_231202/EightRooms/hyperparameter_sweep_V_start.png
20260915_230741/EightRooms/ppo/exact_E_lambda_0.0/tuning/20260915_231202/EightRooms/best_config_seeds.png
20260915_230741/EightRooms/ppo/exact_E_lambda_0.0/tuning/20260915_231202/EightRooms/all_configs_seeds_grid.png
20260915_230741/EightRooms/ppo/exact_td_lambda_0.5/
20260915_230741/EightRooms/ppo/exact_td_lambda_0.5/tuning/
20260915_230741/EightRooms/ppo/exact_td_lambda_0.5/tuning/20260915_231351/
20260915_230741/EightRooms/ppo/exact_td_lambda_0.5/tuning/20260915_231351/EightRooms/
20260915_230741/EightRooms/ppo/exact_td_lambda_0.5/tuning/20260915_231351/EightRooms/tuning_summary.csv
20260915_230741/EightRooms/ppo/exact_td_lambda_0.5/tuning/20260915_231351/EightRooms/tuning_summary.json
20260915_230741/EightRooms/ppo/exact_td_lambda_0.5/tuning/20260915_231351/EightRooms/best_config.json
20260915_230741/EightRooms/ppo/exact_td_lambda_0.5/tuning/20260915_231351/EightRooms/out.pkl
20260915_230741/EightRooms/ppo/exact_td_lambda_0.5/tuning/20260915_231351/EightRooms/config.json
20260915_230741/EightRooms/ppo/exact_td_lambda_0.5/tuning/20260915_231351/EightRooms/hyperparameter_sweep_V_start.png
20260915_230741/EightRooms/ppo/exact_td_lambda_0.5/tuning/20260915_231351/EightRooms/best_config_seeds.png
20260915_230741/EightRooms/ppo/exact_td_lambda_0.5/tuning/20260915_231351/EightRooms/all_configs_seeds_grid.png
20260915_230741/EightRooms/ppo/exact_E_lambda_0.5/
20260915_230741/EightRooms/ppo/exact_E_lambda_0.5/tuning/
20260915_230741/EightRooms/ppo/exact_E_lambda_0.5/tuning/20260915_231437/
20260915_230741/EightRooms/ppo/exact_E_lambda_0.5/tuning/20260915_231437/EightRooms/
20260915_230741/EightRooms/ppo/exact_E_lambda_0.5/tuning/20260915_231437/EightRooms/tuning_summary.csv
20260915_230741/EightRooms/ppo/exact_E_lambda_0.5/tuning/20260915_231437/EightRooms/tuning_summary.json
20260915_230741/EightRooms/ppo/exact_E_lambda_0.5/tuning/20260915_231437/EightRooms/best_config.json
20260915_230741/EightRooms/ppo/exact_E_lambda_0.5/tuning/20260915_231437/EightRooms/out.pkl
20260915_230741/EightRooms/ppo/exact_E_lambda_0.5/tuning/20260915_231437/EightRooms/config.json
20260915_230741/EightRooms/ppo/exact_E_lambda_0.5/tuning/20260915_231437/EightRooms/hyperparameter_sweep_V_start.png
20260915_230741/EightRooms/ppo/exact_E_lambda_0.5/tuning/20260915_231437/EightRooms/best_config_seeds.png
20260915_230741/EightRooms/ppo/exact_E_lambda_0.5/tuning/20260915_231437/EightRooms/all_configs_seeds_grid.png
20260915_230741/EightRooms/ppo/exact_td_lambda_0.9/
20260915_230741/EightRooms/ppo/exact_td_lambda_0.9/tuning/
20260915_230741/EightRooms/ppo/exact_td_lambda_0.9/tuning/20260915_231555/
20260915_230741/EightRooms/ppo/exact_td_lambda_0.9/tuning/20260915_231555/EightRooms/
20260915_230741/EightRooms/ppo/exact_td_lambda_0.9/tuning/20260915_231555/EightRooms/tuning_summary.csv
20260915_230741/EightRooms/ppo/exact_td_lambda_0.9/tuning/20260915_231555/EightRooms/tuning_summary.json
20260915_230741/EightRooms/ppo/exact_td_lambda_0.9/tuning/20260915_231555/EightRooms/best_config.json
20260915_230741/EightRooms/ppo/exact_td_lambda_0.9/tuning/20260915_231555/EightRooms/out.pkl
20260915_230741/EightRooms/ppo/exact_td_lambda_0.9/tuning/20260915_231555/EightRooms/config.json
20260915_230741/EightRooms/ppo/exact_td_lambda_0.9/tuning/20260915_231555/EightRooms/hyperparameter_sweep_V_start.png
20260915_230741/EightRooms/ppo/exact_td_lambda_0.9/tuning/20260915_231555/EightRooms/best_config_seeds.png
20260915_230741/EightRooms/ppo/exact_td_lambda_0.9/tuning/20260915_231555/EightRooms/all_configs_seeds_grid.png
20260915_230741/EightRooms/ppo/exact_E_lambda_0.9/
20260915_230741/EightRooms/ppo/exact_E_lambda_0.9/tuning/
20260915_230741/EightRooms/ppo/exact_E_lambda_0.9/tuning/20260915_231651/
20260915_230741/EightRooms/ppo/exact_E_lambda_0.9/tuning/20260915_231651/EightRooms/
20260915_230741/EightRooms/ppo/exact_E_lambda_0.9/tuning/20260915_231651/EightRooms/tuning_summary.csv
20260915_230741/EightRooms/ppo/exact_E_lambda_0.9/tuning/20260915_231651/EightRooms/tuning_summary.json
20260915_230741/EightRooms/ppo/exact_E_lambda_0.9/tuning/20260915_231651/EightRooms/best_config.json
20260915_230741/EightRooms/ppo/exact_E_lambda_0.9/tuning/20260915_231651/EightRooms/out.pkl
20260915_230741/EightRooms/ppo/exact_E_lambda_0.9/tuning/20260915_231651/EightRooms/config.json
20260915_230741/EightRooms/ppo/exact_E_lambda_0.9/tuning/20260915_231651/EightRooms/hyperparameter_sweep_V_start.png
20260915_230741/EightRooms/ppo/exact_E_lambda_0.9/tuning/20260915_231651/EightRooms/best_config_seeds.png
20260915_230741/EightRooms/ppo/exact_E_lambda_0.9/tuning/20260915_231651/EightRooms/all_configs_seeds_grid.png
20260915_230741/EightRooms/ppo/exact_td_lambda_0.95/
20260915_230741/EightRooms/ppo/exact_td_lambda_0.95/tuning/
20260915_230741/EightRooms/ppo/exact_td_lambda_0.95/tuning/20260915_231759/
20260915_230741/EightRooms/ppo/exact_td_lambda_0.95/tuning/20260915_231759/EightRooms/
20260915_230741/EightRooms/ppo/exact_td_lambda_0.95/tuning/20260915_231759/EightRooms/tuning_summary.csv
20260915_230741/EightRooms/ppo/exact_td_lambda_0.95/tuning/20260915_231759/EightRooms/tuning_summary.json
20260915_230741/EightRooms/ppo/exact_td_lambda_0.95/tuning/20260915_231759/EightRooms/best_config.json
20260915_230741/EightRooms/ppo/exact_td_lambda_0.95/tuning/20260915_231759/EightRooms/out.pkl
20260915_230741/EightRooms/ppo/exact_td_lambda_0.95/tuning/20260915_231759/EightRooms/config.json
20260915_230741/EightRooms/ppo/exact_td_lambda_0.95/tuning/20260915_231759/EightRooms/hyperparameter_sweep_V_start.png
20260915_230741/EightRooms/ppo/exact_td_lambda_0.95/tuning/20260915_231759/EightRooms/best_config_seeds.png
20260915_230741/EightRooms/ppo/exact_td_lambda_0.95/tuning/20260915_231759/EightRooms/all_configs_seeds_grid.png
20260915_230741/EightRooms/ppo/exact_E_lambda_0.95/
20260915_230741/EightRooms/ppo/exact_E_lambda_0.95/tuning/
20260915_230741/EightRooms/ppo/exact_E_lambda_0.95/tuning/20260915_231905/
20260915_230741/EightRooms/ppo/exact_E_lambda_0.95/tuning/20260915_231905/EightRooms/
20260915_230741/EightRooms/ppo/exact_E_lambda_0.95/tuning/20260915_231905/EightRooms/tuning_summary.csv
20260915_230741/EightRooms/ppo/exact_E_lambda_0.95/tuning/20260915_231905/EightRooms/tuning_summary.json
20260915_230741/EightRooms/ppo/exact_E_lambda_0.95/tuning/20260915_231905/EightRooms/best_config.json
20260915_230741/EightRooms/ppo/exact_E_lambda_0.95/tuning/20260915_231905/EightRooms/out.pkl
20260915_230741/EightRooms/ppo/exact_E_lambda_0.95/tuning/20260915_231905/EightRooms/config.json
20260915_230741/EightRooms/ppo/exact_E_lambda_0.95/tuning/20260915_231905/EightRooms/hyperparameter_sweep_V_start.png
20260915_230741/EightRooms/ppo/exact_E_lambda_0.95/tuning/20260915_231905/EightRooms/best_config_seeds.png
20260915_230741/EightRooms/ppo/exact_E_lambda_0.95/tuning/20260915_231905/EightRooms/all_configs_seeds_grid.png
20260915_230741/EightRooms/ppo/exact_td_lambda_0.99/
20260915_230741/EightRooms/ppo/exact_td_lambda_0.99/tuning/
20260915_230741/EightRooms/ppo/exact_td_lambda_0.99/tuning/20260915_232002/
20260915_230741/EightRooms/ppo/exact_td_lambda_0.99/tuning/20260915_232002/EightRooms/
20260915_230741/EightRooms/ppo/exact_td_lambda_0.99/tuning/20260915_232002/EightRooms/tuning_summary.csv
20260915_230741/EightRooms/ppo/exact_td_lambda_0.99/tuning/20260915_232002/EightRooms/tuning_summary.json
20260915_230741/EightRooms/ppo/exact_td_lambda_0.99/tuning/20260915_232002/EightRooms/best_config.json
20260915_230741/EightRooms/ppo/exact_td_lambda_0.99/tuning/20260915_232002/EightRooms/out.pkl
20260915_230741/EightRooms/ppo/exact_td_lambda_0.99/tuning/20260915_232002/EightRooms/config.json
20260915_230741/EightRooms/ppo/exact_td_lambda_0.99/tuning/20260915_232002/EightRooms/hyperparameter_sweep_V_start.png
20260915_230741/EightRooms/ppo/exact_td_lambda_0.99/tuning/20260915_232002/EightRooms/best_config_seeds.png
20260915_230741/EightRooms/ppo/exact_td_lambda_0.99/tuning/20260915_232002/EightRooms/all_configs_seeds_grid.png
20260915_230741/EightRooms/ppo/exact_E_lambda_0.99/
20260915_230741/EightRooms/ppo/exact_E_lambda_0.99/tuning/
20260915_230741/EightRooms/ppo/exact_E_lambda_0.99/tuning/20260915_232119/
20260915_230741/EightRooms/ppo/exact_E_lambda_0.99/tuning/20260915_232119/EightRooms/
20260915_230741/EightRooms/ppo/exact_E_lambda_0.99/tuning/20260915_232119/EightRooms/tuning_summary.csv
20260915_230741/EightRooms/ppo/exact_E_lambda_0.99/tuning/20260915_232119/EightRooms/tuning_summary.json
20260915_230741/EightRooms/ppo/exact_E_lambda_0.99/tuning/20260915_232119/EightRooms/best_config.json
20260915_230741/EightRooms/ppo/exact_E_lambda_0.99/tuning/20260915_232119/EightRooms/out.pkl
20260915_230741/EightRooms/ppo/exact_E_lambda_0.99/tuning/20260915_232119/EightRooms/config.json
20260915_230741/EightRooms/ppo/exact_E_lambda_0.99/tuning/20260915_232119/EightRooms/hyperparameter_sweep_V_start.png
20260915_230741/EightRooms/ppo/exact_E_lambda_0.99/tuning/20260915_232119/EightRooms/best_config_seeds.png
20260915_230741/EightRooms/ppo/exact_E_lambda_0.99/tuning/20260915_232119/EightRooms/all_configs_seeds_grid.png
20260915_230741/EightRooms/ppo/comparison/
20260915_230741/EightRooms/ppo/comparison/comparison_summary.csv
20260915_230741/FourRooms-misc/
20260915_230741/FourRooms-misc/fixed/
20260915_230741/FourRooms-misc/fixed/exact_td_lambda_0.0/
20260915_230741/FourRooms-misc/fixed/exact_td_lambda_0.0/tuning/
20260915_230741/FourRooms-misc/fixed/exact_td_lambda_0.0/tuning/20260915_231507/
20260915_230741/FourRooms-misc/fixed/exact_td_lambda_0.0/tuning/20260915_231507/FourRooms-misc/
20260915_230741/FourRooms-misc/fixed/exact_td_lambda_0.0/tuning/20260915_231507/FourRooms-misc/tuning_summary.csv
20260915_230741/FourRooms-misc/fixed/exact_td_lambda_0.0/tuning/20260915_231507/FourRooms-misc/tuning_summary.json
20260915_230741/FourRooms-misc/fixed/exact_td_lambda_0.0/tuning/20260915_231507/FourRooms-misc/best_config.json
20260915_230741/FourRooms-misc/fixed/exact_td_lambda_0.0/tuning/20260915_231507/FourRooms-misc/out.pkl
20260915_230741/FourRooms-misc/fixed/exact_td_lambda_0.0/tuning/20260915_231507/FourRooms-misc/config.json
20260915_230741/FourRooms-misc/fixed/exact_td_lambda_0.0/tuning/20260915_231507/FourRooms-misc/hyperparameter_sweep_nn_weighted_VE.png
20260915_230741/FourRooms-misc/fixed/exact_td_lambda_0.0/tuning/20260915_231507/FourRooms-misc/best_config_seeds.png
20260915_230741/FourRooms-misc/fixed/exact_td_lambda_0.0/tuning/20260915_231507/FourRooms-misc/all_configs_seeds_grid.png
20260915_230741/FourRooms-misc/fixed/exact_E_lambda_0.0/
20260915_230741/FourRooms-misc/fixed/exact_E_lambda_0.0/tuning/
20260915_230741/FourRooms-misc/fixed/exact_E_lambda_0.0/tuning/20260915_231536/
20260915_230741/FourRooms-misc/fixed/exact_E_lambda_0.0/tuning/20260915_231536/FourRooms-misc/
20260915_230741/FourRooms-misc/fixed/exact_E_lambda_0.0/tuning/20260915_231536/FourRooms-misc/tuning_summary.csv
20260915_230741/FourRooms-misc/fixed/exact_E_lambda_0.0/tuning/20260915_231536/FourRooms-misc/tuning_summary.json
20260915_230741/FourRooms-misc/fixed/exact_E_lambda_0.0/tuning/20260915_231536/FourRooms-misc/best_config.json
20260915_230741/FourRooms-misc/fixed/exact_E_lambda_0.0/tuning/20260915_231536/FourRooms-misc/out.pkl
20260915_230741/FourRooms-misc/fixed/exact_E_lambda_0.0/tuning/20260915_231536/FourRooms-misc/config.json
20260915_230741/FourRooms-misc/fixed/exact_E_lambda_0.0/tuning/20260915_231536/FourRooms-misc/hyperparameter_sweep_nn_weighted_VE.png
20260915_230741/FourRooms-misc/fixed/exact_E_lambda_0.0/tuning/20260915_231536/FourRooms-misc/best_config_seeds.png
20260915_230741/FourRooms-misc/fixed/exact_E_lambda_0.0/tuning/20260915_231536/FourRooms-misc/all_configs_seeds_grid.png
20260915_230741/FourRooms-misc/fixed/exact_td_lambda_0.5/
20260915_230741/FourRooms-misc/fixed/exact_td_lambda_0.5/tuning/
20260915_230741/FourRooms-misc/fixed/exact_td_lambda_0.5/tuning/20260915_231542/
20260915_230741/FourRooms-misc/fixed/exact_td_lambda_0.5/tuning/20260915_231542/FourRooms-misc/
20260915_230741/FourRooms-misc/fixed/exact_td_lambda_0.5/tuning/20260915_231542/FourRooms-misc/tuning_summary.csv
20260915_230741/FourRooms-misc/fixed/exact_td_lambda_0.5/tuning/20260915_231542/FourRooms-misc/tuning_summary.json
20260915_230741/FourRooms-misc/fixed/exact_td_lambda_0.5/tuning/20260915_231542/FourRooms-misc/best_config.json
20260915_230741/FourRooms-misc/fixed/exact_td_lambda_0.5/tuning/20260915_231542/FourRooms-misc/out.pkl
20260915_230741/FourRooms-misc/fixed/exact_td_lambda_0.5/tuning/20260915_231542/FourRooms-misc/config.json
20260915_230741/FourRooms-misc/fixed/exact_td_lambda_0.5/tuning/20260915_231542/FourRooms-misc/hyperparameter_sweep_nn_weighted_VE.png
20260915_230741/FourRooms-misc/fixed/exact_td_lambda_0.5/tuning/20260915_231542/FourRooms-misc/best_config_seeds.png
20260915_230741/FourRooms-misc/fixed/exact_td_lambda_0.5/tuning/20260915_231542/FourRooms-misc/all_configs_seeds_grid.png
20260915_230741/FourRooms-misc/fixed/exact_td_lambda_0.9/
20260915_230741/FourRooms-misc/fixed/exact_td_lambda_0.9/tuning/
20260915_230741/FourRooms-misc/fixed/exact_td_lambda_0.9/tuning/20260915_231601/
20260915_230741/FourRooms-misc/fixed/exact_td_lambda_0.9/tuning/20260915_231601/FourRooms-misc/
20260915_230741/FourRooms-misc/fixed/exact_td_lambda_0.9/tuning/20260915_231601/FourRooms-misc/tuning_summary.csv
20260915_230741/FourRooms-misc/fixed/exact_td_lambda_0.9/tuning/20260915_231601/FourRooms-misc/tuning_summary.json
20260915_230741/FourRooms-misc/fixed/exact_td_lambda_0.9/tuning/20260915_231601/FourRooms-misc/best_config.json
20260915_230741/FourRooms-misc/fixed/exact_td_lambda_0.9/tuning/20260915_231601/FourRooms-misc/out.pkl
20260915_230741/FourRooms-misc/fixed/exact_td_lambda_0.9/tuning/20260915_231601/FourRooms-misc/config.json
20260915_230741/FourRooms-misc/fixed/exact_td_lambda_0.9/tuning/20260915_231601/FourRooms-misc/hyperparameter_sweep_nn_weighted_VE.png
20260915_230741/FourRooms-misc/fixed/exact_td_lambda_0.9/tuning/20260915_231601/FourRooms-misc/best_config_seeds.png
20260915_230741/FourRooms-misc/fixed/exact_td_lambda_0.9/tuning/20260915_231601/FourRooms-misc/all_configs_seeds_grid.png
20260915_230741/FourRooms-misc/fixed/exact_E_lambda_0.5/
20260915_230741/FourRooms-misc/fixed/exact_E_lambda_0.5/tuning/
20260915_230741/FourRooms-misc/fixed/exact_E_lambda_0.5/tuning/20260915_231614/
20260915_230741/FourRooms-misc/fixed/exact_E_lambda_0.5/tuning/20260915_231614/FourRooms-misc/
20260915_230741/FourRooms-misc/fixed/exact_E_lambda_0.5/tuning/20260915_231614/FourRooms-misc/tuning_summary.csv
20260915_230741/FourRooms-misc/fixed/exact_E_lambda_0.5/tuning/20260915_231614/FourRooms-misc/tuning_summary.json
20260915_230741/FourRooms-misc/fixed/exact_E_lambda_0.5/tuning/20260915_231614/FourRooms-misc/best_config.json
20260915_230741/FourRooms-misc/fixed/exact_E_lambda_0.5/tuning/20260915_231614/FourRooms-misc/out.pkl
20260915_230741/FourRooms-misc/fixed/exact_E_lambda_0.5/tuning/20260915_231614/FourRooms-misc/config.json
20260915_230741/FourRooms-misc/fixed/exact_E_lambda_0.5/tuning/20260915_231614/FourRooms-misc/hyperparameter_sweep_nn_weighted_VE.png
20260915_230741/FourRooms-misc/fixed/exact_E_lambda_0.5/tuning/20260915_231614/FourRooms-misc/best_config_seeds.png
20260915_230741/FourRooms-misc/fixed/exact_E_lambda_0.5/tuning/20260915_231614/FourRooms-misc/all_configs_seeds_grid.png
20260915_230741/FourRooms-misc/fixed/exact_td_lambda_0.95/
20260915_230741/FourRooms-misc/fixed/exact_td_lambda_0.95/tuning/
20260915_230741/FourRooms-misc/fixed/exact_td_lambda_0.95/tuning/20260915_231619/
20260915_230741/FourRooms-misc/fixed/exact_td_lambda_0.95/tuning/20260915_231619/FourRooms-misc/
20260915_230741/FourRooms-misc/fixed/exact_td_lambda_0.95/tuning/20260915_231619/FourRooms-misc/tuning_summary.csv
20260915_230741/FourRooms-misc/fixed/exact_td_lambda_0.95/tuning/20260915_231619/FourRooms-misc/tuning_summary.json
20260915_230741/FourRooms-misc/fixed/exact_td_lambda_0.95/tuning/20260915_231619/FourRooms-misc/best_config.json
20260915_230741/FourRooms-misc/fixed/exact_td_lambda_0.95/tuning/20260915_231619/FourRooms-misc/out.pkl
20260915_230741/FourRooms-misc/fixed/exact_td_lambda_0.95/tuning/20260915_231619/FourRooms-misc/config.json
20260915_230741/FourRooms-misc/fixed/exact_td_lambda_0.95/tuning/20260915_231619/FourRooms-misc/hyperparameter_sweep_nn_weighted_VE.png
20260915_230741/FourRooms-misc/fixed/exact_td_lambda_0.95/tuning/20260915_231619/FourRooms-misc/best_config_seeds.png
20260915_230741/FourRooms-misc/fixed/exact_td_lambda_0.95/tuning/20260915_231619/FourRooms-misc/all_configs_seeds_grid.png
20260915_230741/FourRooms-misc/fixed/exact_E_lambda_0.9/
20260915_230741/FourRooms-misc/fixed/exact_E_lambda_0.9/tuning/
20260915_230741/FourRooms-misc/fixed/exact_E_lambda_0.9/tuning/20260915_231633/
20260915_230741/FourRooms-misc/fixed/exact_E_lambda_0.9/tuning/20260915_231633/FourRooms-misc/
20260915_230741/FourRooms-misc/fixed/exact_E_lambda_0.9/tuning/20260915_231633/FourRooms-misc/tuning_summary.csv
20260915_230741/FourRooms-misc/fixed/exact_E_lambda_0.9/tuning/20260915_231633/FourRooms-misc/tuning_summary.json
20260915_230741/FourRooms-misc/fixed/exact_E_lambda_0.9/tuning/20260915_231633/FourRooms-misc/best_config.json
20260915_230741/FourRooms-misc/fixed/exact_E_lambda_0.9/tuning/20260915_231633/FourRooms-misc/out.pkl
20260915_230741/FourRooms-misc/fixed/exact_E_lambda_0.9/tuning/20260915_231633/FourRooms-misc/config.json
20260915_230741/FourRooms-misc/fixed/exact_E_lambda_0.9/tuning/20260915_231633/FourRooms-misc/hyperparameter_sweep_nn_weighted_VE.png
20260915_230741/FourRooms-misc/fixed/exact_E_lambda_0.9/tuning/20260915_231633/FourRooms-misc/best_config_seeds.png
20260915_230741/FourRooms-misc/fixed/exact_E_lambda_0.9/tuning/20260915_231633/FourRooms-misc/all_configs_seeds_grid.png
20260915_230741/FourRooms-misc/fixed/exact_td_lambda_0.99/
20260915_230741/FourRooms-misc/fixed/exact_td_lambda_0.99/tuning/
20260915_230741/FourRooms-misc/fixed/exact_td_lambda_0.99/tuning/20260915_231638/
20260915_230741/FourRooms-misc/fixed/exact_td_lambda_0.99/tuning/20260915_231638/FourRooms-misc/
20260915_230741/FourRooms-misc/fixed/exact_td_lambda_0.99/tuning/20260915_231638/FourRooms-misc/tuning_summary.csv
20260915_230741/FourRooms-misc/fixed/exact_td_lambda_0.99/tuning/20260915_231638/FourRooms-misc/tuning_summary.json
20260915_230741/FourRooms-misc/fixed/exact_td_lambda_0.99/tuning/20260915_231638/FourRooms-misc/best_config.json
20260915_230741/FourRooms-misc/fixed/exact_td_lambda_0.99/tuning/20260915_231638/FourRooms-misc/out.pkl
20260915_230741/FourRooms-misc/fixed/exact_td_lambda_0.99/tuning/20260915_231638/FourRooms-misc/config.json
20260915_230741/FourRooms-misc/fixed/exact_td_lambda_0.99/tuning/20260915_231638/FourRooms-misc/hyperparameter_sweep_nn_weighted_VE.png
20260915_230741/FourRooms-misc/fixed/exact_td_lambda_0.99/tuning/20260915_231638/FourRooms-misc/best_config_seeds.png
20260915_230741/FourRooms-misc/fixed/exact_td_lambda_0.99/tuning/20260915_231638/FourRooms-misc/all_configs_seeds_grid.png
20260915_230741/FourRooms-misc/fixed/exact_E_lambda_0.95/
20260915_230741/FourRooms-misc/fixed/exact_E_lambda_0.95/tuning/
20260915_230741/FourRooms-misc/fixed/exact_E_lambda_0.95/tuning/20260915_231652/
20260915_230741/FourRooms-misc/fixed/exact_E_lambda_0.95/tuning/20260915_231652/FourRooms-misc/
20260915_230741/FourRooms-misc/fixed/exact_E_lambda_0.95/tuning/20260915_231652/FourRooms-misc/tuning_summary.csv
20260915_230741/FourRooms-misc/fixed/exact_E_lambda_0.95/tuning/20260915_231652/FourRooms-misc/tuning_summary.json
20260915_230741/FourRooms-misc/fixed/exact_E_lambda_0.95/tuning/20260915_231652/FourRooms-misc/best_config.json
20260915_230741/FourRooms-misc/fixed/exact_E_lambda_0.95/tuning/20260915_231652/FourRooms-misc/out.pkl
20260915_230741/FourRooms-misc/fixed/exact_E_lambda_0.95/tuning/20260915_231652/FourRooms-misc/config.json
20260915_230741/FourRooms-misc/fixed/exact_E_lambda_0.95/tuning/20260915_231652/FourRooms-misc/hyperparameter_sweep_nn_weighted_VE.png
20260915_230741/FourRooms-misc/fixed/exact_E_lambda_0.95/tuning/20260915_231652/FourRooms-misc/best_config_seeds.png
20260915_230741/FourRooms-misc/fixed/exact_E_lambda_0.95/tuning/20260915_231652/FourRooms-misc/all_configs_seeds_grid.png
20260915_230741/FourRooms-misc/fixed/exact_E_lambda_0.99/
20260915_230741/FourRooms-misc/fixed/exact_E_lambda_0.99/tuning/
20260915_230741/FourRooms-misc/fixed/exact_E_lambda_0.99/tuning/20260915_231711/
20260915_230741/FourRooms-misc/fixed/exact_E_lambda_0.99/tuning/20260915_231711/FourRooms-misc/
20260915_230741/FourRooms-misc/fixed/exact_E_lambda_0.99/tuning/20260915_231711/FourRooms-misc/tuning_summary.csv
20260915_230741/FourRooms-misc/fixed/exact_E_lambda_0.99/tuning/20260915_231711/FourRooms-misc/tuning_summary.json
20260915_230741/FourRooms-misc/fixed/exact_E_lambda_0.99/tuning/20260915_231711/FourRooms-misc/best_config.json
20260915_230741/FourRooms-misc/fixed/exact_E_lambda_0.99/tuning/20260915_231711/FourRooms-misc/out.pkl
20260915_230741/FourRooms-misc/fixed/exact_E_lambda_0.99/tuning/20260915_231711/FourRooms-misc/config.json
20260915_230741/FourRooms-misc/fixed/exact_E_lambda_0.99/tuning/20260915_231711/FourRooms-misc/hyperparameter_sweep_nn_weighted_VE.png
20260915_230741/FourRooms-misc/fixed/exact_E_lambda_0.99/tuning/20260915_231711/FourRooms-misc/best_config_seeds.png
20260915_230741/FourRooms-misc/fixed/exact_E_lambda_0.99/tuning/20260915_231711/FourRooms-misc/all_configs_seeds_grid.png
20260915_230741/FourRooms-misc/fixed/comparison/
20260915_230741/FourRooms-misc/fixed/comparison/comparison_summary.csv
20260915_230741/FourRooms-misc/fixed/comparison/lambda_comparison_plot.png
20260915_230741/FourRooms-misc/random/
20260915_230741/FourRooms-misc/random/exact_td_lambda_0.0/
20260915_230741/FourRooms-misc/random/exact_td_lambda_0.0/tuning/
20260915_230741/FourRooms-misc/random/exact_td_lambda_0.0/tuning/20260915_231706/
20260915_230741/FourRooms-misc/random/exact_td_lambda_0.0/tuning/20260915_231706/FourRooms-misc/
20260915_230741/FourRooms-misc/random/exact_td_lambda_0.0/tuning/20260915_231706/FourRooms-misc/tuning_summary.csv
20260915_230741/FourRooms-misc/random/exact_td_lambda_0.0/tuning/20260915_231706/FourRooms-misc/tuning_summary.json
20260915_230741/FourRooms-misc/random/exact_td_lambda_0.0/tuning/20260915_231706/FourRooms-misc/best_config.json
20260915_230741/FourRooms-misc/random/exact_td_lambda_0.0/tuning/20260915_231706/FourRooms-misc/out.pkl
20260915_230741/FourRooms-misc/random/exact_td_lambda_0.0/tuning/20260915_231706/FourRooms-misc/config.json
20260915_230741/FourRooms-misc/random/exact_td_lambda_0.0/tuning/20260915_231706/FourRooms-misc/hyperparameter_sweep_nn_weighted_VE.png
20260915_230741/FourRooms-misc/random/exact_td_lambda_0.0/tuning/20260915_231706/FourRooms-misc/best_config_seeds.png
20260915_230741/FourRooms-misc/random/exact_td_lambda_0.0/tuning/20260915_231706/FourRooms-misc/all_configs_seeds_grid.png
20260915_230741/FourRooms-misc/random/exact_td_lambda_0.5/
20260915_230741/FourRooms-misc/random/exact_td_lambda_0.5/tuning/
20260915_230741/FourRooms-misc/random/exact_td_lambda_0.5/tuning/20260915_231741/
20260915_230741/FourRooms-misc/random/exact_td_lambda_0.5/tuning/20260915_231741/FourRooms-misc/
20260915_230741/FourRooms-misc/random/exact_td_lambda_0.5/tuning/20260915_231741/FourRooms-misc/tuning_summary.csv
20260915_230741/FourRooms-misc/random/exact_td_lambda_0.5/tuning/20260915_231741/FourRooms-misc/tuning_summary.json
20260915_230741/FourRooms-misc/random/exact_td_lambda_0.5/tuning/20260915_231741/FourRooms-misc/best_config.json
20260915_230741/FourRooms-misc/random/exact_td_lambda_0.5/tuning/20260915_231741/FourRooms-misc/out.pkl
20260915_230741/FourRooms-misc/random/exact_td_lambda_0.5/tuning/20260915_231741/FourRooms-misc/config.json
20260915_230741/FourRooms-misc/random/exact_td_lambda_0.5/tuning/20260915_231741/FourRooms-misc/hyperparameter_sweep_nn_weighted_VE.png
20260915_230741/FourRooms-misc/random/exact_td_lambda_0.5/tuning/20260915_231741/FourRooms-misc/best_config_seeds.png
20260915_230741/FourRooms-misc/random/exact_td_lambda_0.5/tuning/20260915_231741/FourRooms-misc/all_configs_seeds_grid.png
20260915_230741/FourRooms-misc/random/exact_td_lambda_0.9/
20260915_230741/FourRooms-misc/random/exact_td_lambda_0.9/tuning/
20260915_230741/FourRooms-misc/random/exact_td_lambda_0.9/tuning/20260915_231800/
20260915_230741/FourRooms-misc/random/exact_td_lambda_0.9/tuning/20260915_231800/FourRooms-misc/
20260915_230741/FourRooms-misc/random/exact_td_lambda_0.9/tuning/20260915_231800/FourRooms-misc/tuning_summary.csv
20260915_230741/FourRooms-misc/random/exact_td_lambda_0.9/tuning/20260915_231800/FourRooms-misc/tuning_summary.json
20260915_230741/FourRooms-misc/random/exact_td_lambda_0.9/tuning/20260915_231800/FourRooms-misc/best_config.json
20260915_230741/FourRooms-misc/random/exact_td_lambda_0.9/tuning/20260915_231800/FourRooms-misc/out.pkl
20260915_230741/FourRooms-misc/random/exact_td_lambda_0.9/tuning/20260915_231800/FourRooms-misc/config.json
20260915_230741/FourRooms-misc/random/exact_td_lambda_0.9/tuning/20260915_231800/FourRooms-misc/hyperparameter_sweep_nn_weighted_VE.png
20260915_230741/FourRooms-misc/random/exact_td_lambda_0.9/tuning/20260915_231800/FourRooms-misc/best_config_seeds.png
20260915_230741/FourRooms-misc/random/exact_td_lambda_0.9/tuning/20260915_231800/FourRooms-misc/all_configs_seeds_grid.png
20260915_230741/FourRooms-misc/random/exact_E_lambda_0.0/
20260915_230741/FourRooms-misc/random/exact_E_lambda_0.0/tuning/
20260915_230741/FourRooms-misc/random/exact_E_lambda_0.0/tuning/20260915_231805/
20260915_230741/FourRooms-misc/random/exact_E_lambda_0.0/tuning/20260915_231805/FourRooms-misc/
20260915_230741/FourRooms-misc/random/exact_E_lambda_0.0/tuning/20260915_231805/FourRooms-misc/tuning_summary.csv
20260915_230741/FourRooms-misc/random/exact_E_lambda_0.0/tuning/20260915_231805/FourRooms-misc/tuning_summary.json
20260915_230741/FourRooms-misc/random/exact_E_lambda_0.0/tuning/20260915_231805/FourRooms-misc/best_config.json
20260915_230741/FourRooms-misc/random/exact_E_lambda_0.0/tuning/20260915_231805/FourRooms-misc/out.pkl
20260915_230741/FourRooms-misc/random/exact_E_lambda_0.0/tuning/20260915_231805/FourRooms-misc/config.json
20260915_230741/FourRooms-misc/random/exact_E_lambda_0.0/tuning/20260915_231805/FourRooms-misc/hyperparameter_sweep_nn_weighted_VE.png
20260915_230741/FourRooms-misc/random/exact_E_lambda_0.0/tuning/20260915_231805/FourRooms-misc/best_config_seeds.png
20260915_230741/FourRooms-misc/random/exact_E_lambda_0.0/tuning/20260915_231805/FourRooms-misc/all_configs_seeds_grid.png
20260915_230741/FourRooms-misc/random/exact_td_lambda_0.95/
20260915_230741/FourRooms-misc/random/exact_td_lambda_0.95/tuning/
20260915_230741/FourRooms-misc/random/exact_td_lambda_0.95/tuning/20260915_231818/
20260915_230741/FourRooms-misc/random/exact_td_lambda_0.95/tuning/20260915_231818/FourRooms-misc/
20260915_230741/FourRooms-misc/random/exact_td_lambda_0.95/tuning/20260915_231818/FourRooms-misc/tuning_summary.csv
20260915_230741/FourRooms-misc/random/exact_td_lambda_0.95/tuning/20260915_231818/FourRooms-misc/tuning_summary.json
20260915_230741/FourRooms-misc/random/exact_td_lambda_0.95/tuning/20260915_231818/FourRooms-misc/best_config.json
20260915_230741/FourRooms-misc/random/exact_td_lambda_0.95/tuning/20260915_231818/FourRooms-misc/out.pkl
20260915_230741/FourRooms-misc/random/exact_td_lambda_0.95/tuning/20260915_231818/FourRooms-misc/config.json
20260915_230741/FourRooms-misc/random/exact_td_lambda_0.95/tuning/20260915_231818/FourRooms-misc/hyperparameter_sweep_nn_weighted_VE.png
20260915_230741/FourRooms-misc/random/exact_td_lambda_0.95/tuning/20260915_231818/FourRooms-misc/best_config_seeds.png
20260915_230741/FourRooms-misc/random/exact_td_lambda_0.95/tuning/20260915_231818/FourRooms-misc/all_configs_seeds_grid.png
20260915_230741/FourRooms-misc/random/exact_td_lambda_0.99/
20260915_230741/FourRooms-misc/random/exact_td_lambda_0.99/tuning/
20260915_230741/FourRooms-misc/random/exact_td_lambda_0.99/tuning/20260915_231837/
20260915_230741/FourRooms-misc/random/exact_td_lambda_0.99/tuning/20260915_231837/FourRooms-misc/
20260915_230741/FourRooms-misc/random/exact_td_lambda_0.99/tuning/20260915_231837/FourRooms-misc/tuning_summary.csv
20260915_230741/FourRooms-misc/random/exact_td_lambda_0.99/tuning/20260915_231837/FourRooms-misc/tuning_summary.json
20260915_230741/FourRooms-misc/random/exact_td_lambda_0.99/tuning/20260915_231837/FourRooms-misc/best_config.json
20260915_230741/FourRooms-misc/random/exact_td_lambda_0.99/tuning/20260915_231837/FourRooms-misc/out.pkl
20260915_230741/FourRooms-misc/random/exact_td_lambda_0.99/tuning/20260915_231837/FourRooms-misc/config.json
20260915_230741/FourRooms-misc/random/exact_td_lambda_0.99/tuning/20260915_231837/FourRooms-misc/hyperparameter_sweep_nn_weighted_VE.png
20260915_230741/FourRooms-misc/random/exact_td_lambda_0.99/tuning/20260915_231837/FourRooms-misc/best_config_seeds.png
20260915_230741/FourRooms-misc/random/exact_td_lambda_0.99/tuning/20260915_231837/FourRooms-misc/all_configs_seeds_grid.png
20260915_230741/FourRooms-misc/random/exact_E_lambda_0.5/
20260915_230741/FourRooms-misc/random/exact_E_lambda_0.5/tuning/
20260915_230741/FourRooms-misc/random/exact_E_lambda_0.5/tuning/20260915_231842/
20260915_230741/FourRooms-misc/random/exact_E_lambda_0.5/tuning/20260915_231842/FourRooms-misc/
20260915_230741/FourRooms-misc/random/exact_E_lambda_0.5/tuning/20260915_231842/FourRooms-misc/tuning_summary.csv
20260915_230741/FourRooms-misc/random/exact_E_lambda_0.5/tuning/20260915_231842/FourRooms-misc/tuning_summary.json
20260915_230741/FourRooms-misc/random/exact_E_lambda_0.5/tuning/20260915_231842/FourRooms-misc/best_config.json
20260915_230741/FourRooms-misc/random/exact_E_lambda_0.5/tuning/20260915_231842/FourRooms-misc/out.pkl
20260915_230741/FourRooms-misc/random/exact_E_lambda_0.5/tuning/20260915_231842/FourRooms-misc/config.json
20260915_230741/FourRooms-misc/random/exact_E_lambda_0.5/tuning/20260915_231842/FourRooms-misc/hyperparameter_sweep_nn_weighted_VE.png
20260915_230741/FourRooms-misc/random/exact_E_lambda_0.5/tuning/20260915_231842/FourRooms-misc/best_config_seeds.png
20260915_230741/FourRooms-misc/random/exact_E_lambda_0.5/tuning/20260915_231842/FourRooms-misc/all_configs_seeds_grid.png
20260915_230741/FourRooms-misc/random/exact_E_lambda_0.9/
20260915_230741/FourRooms-misc/random/exact_E_lambda_0.9/tuning/
20260915_230741/FourRooms-misc/random/exact_E_lambda_0.9/tuning/20260915_231901/
20260915_230741/FourRooms-misc/random/exact_E_lambda_0.9/tuning/20260915_231901/FourRooms-misc/
20260915_230741/FourRooms-misc/random/exact_E_lambda_0.9/tuning/20260915_231901/FourRooms-misc/tuning_summary.csv
20260915_230741/FourRooms-misc/random/exact_E_lambda_0.9/tuning/20260915_231901/FourRooms-misc/tuning_summary.json
20260915_230741/FourRooms-misc/random/exact_E_lambda_0.9/tuning/20260915_231901/FourRooms-misc/best_config.json
20260915_230741/FourRooms-misc/random/exact_E_lambda_0.9/tuning/20260915_231901/FourRooms-misc/out.pkl
20260915_230741/FourRooms-misc/random/exact_E_lambda_0.9/tuning/20260915_231901/FourRooms-misc/config.json
20260915_230741/FourRooms-misc/random/exact_E_lambda_0.9/tuning/20260915_231901/FourRooms-misc/hyperparameter_sweep_nn_weighted_VE.png
20260915_230741/FourRooms-misc/random/exact_E_lambda_0.9/tuning/20260915_231901/FourRooms-misc/best_config_seeds.png
20260915_230741/FourRooms-misc/random/exact_E_lambda_0.9/tuning/20260915_231901/FourRooms-misc/all_configs_seeds_grid.png
20260915_230741/FourRooms-misc/random/exact_E_lambda_0.95/
20260915_230741/FourRooms-misc/random/exact_E_lambda_0.95/tuning/
20260915_230741/FourRooms-misc/random/exact_E_lambda_0.95/tuning/20260915_231919/
20260915_230741/FourRooms-misc/random/exact_E_lambda_0.95/tuning/20260915_231919/FourRooms-misc/
20260915_230741/FourRooms-misc/random/exact_E_lambda_0.95/tuning/20260915_231919/FourRooms-misc/tuning_summary.csv
20260915_230741/FourRooms-misc/random/exact_E_lambda_0.95/tuning/20260915_231919/FourRooms-misc/tuning_summary.json
20260915_230741/FourRooms-misc/random/exact_E_lambda_0.95/tuning/20260915_231919/FourRooms-misc/best_config.json
20260915_230741/FourRooms-misc/random/exact_E_lambda_0.95/tuning/20260915_231919/FourRooms-misc/out.pkl
20260915_230741/FourRooms-misc/random/exact_E_lambda_0.95/tuning/20260915_231919/FourRooms-misc/config.json
20260915_230741/FourRooms-misc/random/exact_E_lambda_0.95/tuning/20260915_231919/FourRooms-misc/hyperparameter_sweep_nn_weighted_VE.png
20260915_230741/FourRooms-misc/random/exact_E_lambda_0.95/tuning/20260915_231919/FourRooms-misc/best_config_seeds.png
20260915_230741/FourRooms-misc/random/exact_E_lambda_0.95/tuning/20260915_231919/FourRooms-misc/all_configs_seeds_grid.png
20260915_230741/FourRooms-misc/random/exact_E_lambda_0.99/
20260915_230741/FourRooms-misc/random/exact_E_lambda_0.99/tuning/
20260915_230741/FourRooms-misc/random/exact_E_lambda_0.99/tuning/20260915_231937/
20260915_230741/FourRooms-misc/random/exact_E_lambda_0.99/tuning/20260915_231937/FourRooms-misc/
20260915_230741/FourRooms-misc/random/exact_E_lambda_0.99/tuning/20260915_231937/FourRooms-misc/tuning_summary.csv
20260915_230741/FourRooms-misc/random/exact_E_lambda_0.99/tuning/20260915_231937/FourRooms-misc/tuning_summary.json
20260915_230741/FourRooms-misc/random/exact_E_lambda_0.99/tuning/20260915_231937/FourRooms-misc/best_config.json
20260915_230741/FourRooms-misc/random/exact_E_lambda_0.99/tuning/20260915_231937/FourRooms-misc/out.pkl
20260915_230741/FourRooms-misc/random/exact_E_lambda_0.99/tuning/20260915_231937/FourRooms-misc/config.json
20260915_230741/FourRooms-misc/random/exact_E_lambda_0.99/tuning/20260915_231937/FourRooms-misc/hyperparameter_sweep_nn_weighted_VE.png
20260915_230741/FourRooms-misc/random/exact_E_lambda_0.99/tuning/20260915_231937/FourRooms-misc/best_config_seeds.png
20260915_230741/FourRooms-misc/random/exact_E_lambda_0.99/tuning/20260915_231937/FourRooms-misc/all_configs_seeds_grid.png
20260915_230741/FourRooms-misc/random/comparison/
20260915_230741/FourRooms-misc/random/comparison/comparison_summary.csv
20260915_230741/FourRooms-misc/random/comparison/lambda_comparison_plot.png
20260915_230741/FourRooms-misc/ppo/
20260915_230741/FourRooms-misc/ppo/exact_td_lambda_0.0/
20260915_230741/FourRooms-misc/ppo/exact_td_lambda_0.0/tuning/
20260915_230741/FourRooms-misc/ppo/exact_td_lambda_0.0/tuning/20260915_231907/
20260915_230741/FourRooms-misc/ppo/exact_td_lambda_0.0/tuning/20260915_231907/FourRooms-misc/
20260915_230741/FourRooms-misc/ppo/exact_td_lambda_0.0/tuning/20260915_231907/FourRooms-misc/tuning_summary.csv
20260915_230741/FourRooms-misc/ppo/exact_td_lambda_0.0/tuning/20260915_231907/FourRooms-misc/tuning_summary.json
20260915_230741/FourRooms-misc/ppo/exact_td_lambda_0.0/tuning/20260915_231907/FourRooms-misc/best_config.json
20260915_230741/FourRooms-misc/ppo/exact_td_lambda_0.0/tuning/20260915_231907/FourRooms-misc/out.pkl
20260915_230741/FourRooms-misc/ppo/exact_td_lambda_0.0/tuning/20260915_231907/FourRooms-misc/config.json
20260915_230741/FourRooms-misc/ppo/exact_td_lambda_0.0/tuning/20260915_231907/FourRooms-misc/hyperparameter_sweep_V_start.png
20260915_230741/FourRooms-misc/ppo/exact_td_lambda_0.0/tuning/20260915_231907/FourRooms-misc/best_config_seeds.png
20260915_230741/FourRooms-misc/ppo/exact_td_lambda_0.0/tuning/20260915_231907/FourRooms-misc/all_configs_seeds_grid.png
20260915_230741/FourRooms-misc/ppo/exact_td_lambda_0.5/
20260915_230741/FourRooms-misc/ppo/exact_td_lambda_0.5/tuning/
20260915_230741/FourRooms-misc/ppo/exact_td_lambda_0.5/tuning/20260915_232005/
20260915_230741/FourRooms-misc/ppo/exact_td_lambda_0.5/tuning/20260915_232005/FourRooms-misc/
20260915_230741/FourRooms-misc/ppo/exact_td_lambda_0.5/tuning/20260915_232005/FourRooms-misc/tuning_summary.csv
20260915_230741/FourRooms-misc/ppo/exact_td_lambda_0.5/tuning/20260915_232005/FourRooms-misc/tuning_summary.json
20260915_230741/FourRooms-misc/ppo/exact_td_lambda_0.5/tuning/20260915_232005/FourRooms-misc/best_config.json
20260915_230741/FourRooms-misc/ppo/exact_td_lambda_0.5/tuning/20260915_232005/FourRooms-misc/out.pkl
20260915_230741/FourRooms-misc/ppo/exact_td_lambda_0.5/tuning/20260915_232005/FourRooms-misc/config.json
20260915_230741/FourRooms-misc/ppo/exact_td_lambda_0.5/tuning/20260915_232005/FourRooms-misc/hyperparameter_sweep_V_start.png
20260915_230741/FourRooms-misc/ppo/exact_td_lambda_0.5/tuning/20260915_232005/FourRooms-misc/best_config_seeds.png
20260915_230741/FourRooms-misc/ppo/exact_td_lambda_0.5/tuning/20260915_232005/FourRooms-misc/all_configs_seeds_grid.png
20260915_230741/FourRooms-misc/ppo/exact_E_lambda_0.0/
20260915_230741/FourRooms-misc/ppo/exact_E_lambda_0.0/tuning/
20260915_230741/FourRooms-misc/ppo/exact_E_lambda_0.0/tuning/20260915_232005/
20260915_230741/FourRooms-misc/ppo/exact_E_lambda_0.0/tuning/20260915_232005/FourRooms-misc/
20260915_230741/FourRooms-misc/ppo/exact_E_lambda_0.0/tuning/20260915_232005/FourRooms-misc/tuning_summary.csv
20260915_230741/FourRooms-misc/ppo/exact_E_lambda_0.0/tuning/20260915_232005/FourRooms-misc/tuning_summary.json
20260915_230741/FourRooms-misc/ppo/exact_E_lambda_0.0/tuning/20260915_232005/FourRooms-misc/best_config.json
20260915_230741/FourRooms-misc/ppo/exact_E_lambda_0.0/tuning/20260915_232005/FourRooms-misc/out.pkl
20260915_230741/FourRooms-misc/ppo/exact_E_lambda_0.0/tuning/20260915_232005/FourRooms-misc/config.json
20260915_230741/FourRooms-misc/ppo/exact_E_lambda_0.0/tuning/20260915_232005/FourRooms-misc/hyperparameter_sweep_V_start.png
20260915_230741/FourRooms-misc/ppo/exact_E_lambda_0.0/tuning/20260915_232005/FourRooms-misc/best_config_seeds.png
20260915_230741/FourRooms-misc/ppo/exact_E_lambda_0.0/tuning/20260915_232005/FourRooms-misc/all_configs_seeds_grid.png
20260915_230741/FourRooms-misc/ppo/exact_td_lambda_0.9/
20260915_230741/FourRooms-misc/ppo/exact_td_lambda_0.9/tuning/
20260915_230741/FourRooms-misc/ppo/exact_td_lambda_0.9/tuning/20260915_232052/
20260915_230741/FourRooms-misc/ppo/exact_td_lambda_0.9/tuning/20260915_232052/FourRooms-misc/
20260915_230741/FourRooms-misc/ppo/exact_td_lambda_0.9/tuning/20260915_232052/FourRooms-misc/tuning_summary.csv
20260915_230741/FourRooms-misc/ppo/exact_td_lambda_0.9/tuning/20260915_232052/FourRooms-misc/tuning_summary.json
20260915_230741/FourRooms-misc/ppo/exact_td_lambda_0.9/tuning/20260915_232052/FourRooms-misc/best_config.json
20260915_230741/FourRooms-misc/ppo/exact_td_lambda_0.9/tuning/20260915_232052/FourRooms-misc/out.pkl
20260915_230741/FourRooms-misc/ppo/exact_td_lambda_0.9/tuning/20260915_232052/FourRooms-misc/config.json
20260915_230741/FourRooms-misc/ppo/exact_td_lambda_0.9/tuning/20260915_232052/FourRooms-misc/hyperparameter_sweep_V_start.png
20260915_230741/FourRooms-misc/ppo/exact_td_lambda_0.9/tuning/20260915_232052/FourRooms-misc/best_config_seeds.png
20260915_230741/FourRooms-misc/ppo/exact_td_lambda_0.9/tuning/20260915_232052/FourRooms-misc/all_configs_seeds_grid.png
20260915_230741/FourRooms-misc/ppo/exact_E_lambda_0.5/
20260915_230741/FourRooms-misc/ppo/exact_E_lambda_0.5/tuning/
20260915_230741/FourRooms-misc/ppo/exact_E_lambda_0.5/tuning/20260915_232116/
20260915_230741/FourRooms-misc/ppo/exact_E_lambda_0.5/tuning/20260915_232116/FourRooms-misc/
20260915_230741/FourRooms-misc/ppo/exact_E_lambda_0.5/tuning/20260915_232116/FourRooms-misc/tuning_summary.csv
20260915_230741/FourRooms-misc/ppo/exact_E_lambda_0.5/tuning/20260915_232116/FourRooms-misc/tuning_summary.json
20260915_230741/FourRooms-misc/ppo/exact_E_lambda_0.5/tuning/20260915_232116/FourRooms-misc/best_config.json
20260915_230741/FourRooms-misc/ppo/exact_E_lambda_0.5/tuning/20260915_232116/FourRooms-misc/out.pkl
20260915_230741/FourRooms-misc/ppo/exact_E_lambda_0.5/tuning/20260915_232116/FourRooms-misc/config.json
20260915_230741/FourRooms-misc/ppo/exact_E_lambda_0.5/tuning/20260915_232116/FourRooms-misc/hyperparameter_sweep_V_start.png
20260915_230741/FourRooms-misc/ppo/exact_E_lambda_0.5/tuning/20260915_232116/FourRooms-misc/best_config_seeds.png
20260915_230741/FourRooms-misc/ppo/exact_E_lambda_0.5/tuning/20260915_232116/FourRooms-misc/all_configs_seeds_grid.png
20260915_230741/FourRooms-misc/ppo/exact_td_lambda_0.95/
20260915_230741/FourRooms-misc/ppo/exact_td_lambda_0.95/tuning/
20260915_230741/FourRooms-misc/ppo/exact_td_lambda_0.95/tuning/20260915_232139/
20260915_230741/FourRooms-misc/ppo/exact_td_lambda_0.95/tuning/20260915_232139/FourRooms-misc/
20260915_230741/FourRooms-misc/ppo/exact_td_lambda_0.95/tuning/20260915_232139/FourRooms-misc/tuning_summary.csv
20260915_230741/FourRooms-misc/ppo/exact_td_lambda_0.95/tuning/20260915_232139/FourRooms-misc/tuning_summary.json
20260915_230741/FourRooms-misc/ppo/exact_td_lambda_0.95/tuning/20260915_232139/FourRooms-misc/best_config.json
20260915_230741/FourRooms-misc/ppo/exact_td_lambda_0.95/tuning/20260915_232139/FourRooms-misc/out.pkl
20260915_230741/FourRooms-misc/ppo/exact_td_lambda_0.95/tuning/20260915_232139/FourRooms-misc/config.json
20260915_230741/FourRooms-misc/ppo/exact_td_lambda_0.95/tuning/20260915_232139/FourRooms-misc/hyperparameter_sweep_V_start.png
20260915_230741/FourRooms-misc/ppo/exact_td_lambda_0.95/tuning/20260915_232139/FourRooms-misc/best_config_seeds.png
20260915_230741/FourRooms-misc/ppo/exact_td_lambda_0.95/tuning/20260915_232139/FourRooms-misc/all_configs_seeds_grid.png
20260915_230741/FourRooms-misc/ppo/exact_E_lambda_0.9/
20260915_230741/FourRooms-misc/ppo/exact_E_lambda_0.9/tuning/
20260915_230741/FourRooms-misc/ppo/exact_E_lambda_0.9/tuning/20260915_232207/
20260915_230741/FourRooms-misc/ppo/exact_E_lambda_0.9/tuning/20260915_232207/FourRooms-misc/
20260915_230741/FourRooms-misc/ppo/exact_E_lambda_0.9/tuning/20260915_232207/FourRooms-misc/tuning_summary.csv
20260915_230741/FourRooms-misc/ppo/exact_E_lambda_0.9/tuning/20260915_232207/FourRooms-misc/tuning_summary.json
20260915_230741/FourRooms-misc/ppo/exact_E_lambda_0.9/tuning/20260915_232207/FourRooms-misc/best_config.json
20260915_230741/FourRooms-misc/ppo/exact_E_lambda_0.9/tuning/20260915_232207/FourRooms-misc/out.pkl
20260915_230741/FourRooms-misc/ppo/exact_E_lambda_0.9/tuning/20260915_232207/FourRooms-misc/config.json
20260915_230741/FourRooms-misc/ppo/exact_E_lambda_0.9/tuning/20260915_232207/FourRooms-misc/hyperparameter_sweep_V_start.png
20260915_230741/FourRooms-misc/ppo/exact_E_lambda_0.9/tuning/20260915_232207/FourRooms-misc/best_config_seeds.png
20260915_230741/FourRooms-misc/ppo/exact_E_lambda_0.9/tuning/20260915_232207/FourRooms-misc/all_configs_seeds_grid.png
20260915_230741/FourRooms-misc/ppo/exact_td_lambda_0.99/
20260915_230741/FourRooms-misc/ppo/exact_td_lambda_0.99/tuning/
20260915_230741/FourRooms-misc/ppo/exact_td_lambda_0.99/tuning/20260915_232225/
20260915_230741/FourRooms-misc/ppo/exact_td_lambda_0.99/tuning/20260915_232225/FourRooms-misc/
20260915_230741/FourRooms-misc/ppo/exact_td_lambda_0.99/tuning/20260915_232225/FourRooms-misc/tuning_summary.csv
20260915_230741/FourRooms-misc/ppo/exact_td_lambda_0.99/tuning/20260915_232225/FourRooms-misc/tuning_summary.json
20260915_230741/FourRooms-misc/ppo/exact_td_lambda_0.99/tuning/20260915_232225/FourRooms-misc/best_config.json
20260915_230741/FourRooms-misc/ppo/exact_td_lambda_0.99/tuning/20260915_232225/FourRooms-misc/out.pkl
20260915_230741/FourRooms-misc/ppo/exact_td_lambda_0.99/tuning/20260915_232225/FourRooms-misc/config.json
20260915_230741/FourRooms-misc/ppo/exact_td_lambda_0.99/tuning/20260915_232225/FourRooms-misc/hyperparameter_sweep_V_start.png
20260915_230741/FourRooms-misc/ppo/exact_td_lambda_0.99/tuning/20260915_232225/FourRooms-misc/best_config_seeds.png
20260915_230741/FourRooms-misc/ppo/exact_td_lambda_0.99/tuning/20260915_232225/FourRooms-misc/all_configs_seeds_grid.png
20260915_230741/FourRooms-misc/ppo/exact_E_lambda_0.95/
20260915_230741/FourRooms-misc/ppo/exact_E_lambda_0.95/tuning/
20260915_230741/FourRooms-misc/ppo/exact_E_lambda_0.95/tuning/20260915_232257/
20260915_230741/FourRooms-misc/ppo/exact_E_lambda_0.95/tuning/20260915_232257/FourRooms-misc/
20260915_230741/FourRooms-misc/ppo/exact_E_lambda_0.95/tuning/20260915_232257/FourRooms-misc/tuning_summary.csv
20260915_230741/FourRooms-misc/ppo/exact_E_lambda_0.95/tuning/20260915_232257/FourRooms-misc/tuning_summary.json
20260915_230741/FourRooms-misc/ppo/exact_E_lambda_0.95/tuning/20260915_232257/FourRooms-misc/best_config.json
20260915_230741/FourRooms-misc/ppo/exact_E_lambda_0.95/tuning/20260915_232257/FourRooms-misc/out.pkl
20260915_230741/FourRooms-misc/ppo/exact_E_lambda_0.95/tuning/20260915_232257/FourRooms-misc/config.json
20260915_230741/FourRooms-misc/ppo/exact_E_lambda_0.95/tuning/20260915_232257/FourRooms-misc/hyperparameter_sweep_V_start.png
20260915_230741/FourRooms-misc/ppo/exact_E_lambda_0.95/tuning/20260915_232257/FourRooms-misc/best_config_seeds.png
20260915_230741/FourRooms-misc/ppo/exact_E_lambda_0.95/tuning/20260915_232257/FourRooms-misc/all_configs_seeds_grid.png
20260915_230741/FourRooms-misc/ppo/exact_E_lambda_0.99/
20260915_230741/FourRooms-misc/ppo/exact_E_lambda_0.99/tuning/
20260915_230741/FourRooms-misc/ppo/exact_E_lambda_0.99/tuning/20260915_232347/
20260915_230741/FourRooms-misc/ppo/exact_E_lambda_0.99/tuning/20260915_232347/FourRooms-misc/
20260915_230741/FourRooms-misc/ppo/exact_E_lambda_0.99/tuning/20260915_232347/FourRooms-misc/tuning_summary.csv
20260915_230741/FourRooms-misc/ppo/exact_E_lambda_0.99/tuning/20260915_232347/FourRooms-misc/tuning_summary.json
20260915_230741/FourRooms-misc/ppo/exact_E_lambda_0.99/tuning/20260915_232347/FourRooms-misc/best_config.json
20260915_230741/FourRooms-misc/ppo/exact_E_lambda_0.99/tuning/20260915_232347/FourRooms-misc/out.pkl
20260915_230741/FourRooms-misc/ppo/exact_E_lambda_0.99/tuning/20260915_232347/FourRooms-misc/config.json
20260915_230741/FourRooms-misc/ppo/exact_E_lambda_0.99/tuning/20260915_232347/FourRooms-misc/hyperparameter_sweep_V_start.png
20260915_230741/FourRooms-misc/ppo/exact_E_lambda_0.99/tuning/20260915_232347/FourRooms-misc/best_config_seeds.png
20260915_230741/FourRooms-misc/ppo/exact_E_lambda_0.99/tuning/20260915_232347/FourRooms-misc/all_configs_seeds_grid.png
20260915_230741/FourRooms-misc/ppo/comparison/
20260915_230741/FourRooms-misc/ppo/comparison/comparison_summary.csv
20260915_230741/Whirlpool/
20260915_230741/Whirlpool/fixed/
20260915_230741/Whirlpool/fixed/exact_td_lambda_0.0/
20260915_230741/Whirlpool/fixed/exact_td_lambda_0.0/tuning/
20260915_230741/Whirlpool/fixed/exact_td_lambda_0.0/tuning/20260915_232233/
20260915_230741/Whirlpool/fixed/exact_td_lambda_0.0/tuning/20260915_232233/Whirlpool/
20260915_230741/Whirlpool/fixed/exact_td_lambda_0.0/tuning/20260915_232233/Whirlpool/tuning_summary.csv
20260915_230741/Whirlpool/fixed/exact_td_lambda_0.0/tuning/20260915_232233/Whirlpool/tuning_summary.json
20260915_230741/Whirlpool/fixed/exact_td_lambda_0.0/tuning/20260915_232233/Whirlpool/best_config.json
20260915_230741/Whirlpool/fixed/exact_td_lambda_0.0/tuning/20260915_232233/Whirlpool/out.pkl
20260915_230741/Whirlpool/fixed/exact_td_lambda_0.0/tuning/20260915_232233/Whirlpool/config.json
20260915_230741/Whirlpool/fixed/exact_td_lambda_0.0/tuning/20260915_232233/Whirlpool/hyperparameter_sweep_nn_weighted_VE.png
20260915_230741/Whirlpool/fixed/exact_td_lambda_0.0/tuning/20260915_232233/Whirlpool/best_config_seeds.png
20260915_230741/Whirlpool/fixed/exact_td_lambda_0.0/tuning/20260915_232233/Whirlpool/all_configs_seeds_grid.png
20260915_230741/Whirlpool/fixed/exact_E_lambda_0.0/
20260915_230741/Whirlpool/fixed/exact_E_lambda_0.0/tuning/
20260915_230741/Whirlpool/fixed/exact_E_lambda_0.0/tuning/20260915_232337/
20260915_230741/Whirlpool/fixed/exact_E_lambda_0.0/tuning/20260915_232337/Whirlpool/
20260915_230741/Whirlpool/fixed/exact_E_lambda_0.0/tuning/20260915_232337/Whirlpool/tuning_summary.csv
20260915_230741/Whirlpool/fixed/exact_E_lambda_0.0/tuning/20260915_232337/Whirlpool/tuning_summary.json
20260915_230741/Whirlpool/fixed/exact_E_lambda_0.0/tuning/20260915_232337/Whirlpool/best_config.json
20260915_230741/Whirlpool/fixed/exact_E_lambda_0.0/tuning/20260915_232337/Whirlpool/out.pkl
20260915_230741/Whirlpool/fixed/exact_E_lambda_0.0/tuning/20260915_232337/Whirlpool/config.json
20260915_230741/Whirlpool/fixed/exact_E_lambda_0.0/tuning/20260915_232337/Whirlpool/hyperparameter_sweep_nn_weighted_VE.png
20260915_230741/Whirlpool/fixed/exact_E_lambda_0.0/tuning/20260915_232337/Whirlpool/best_config_seeds.png
20260915_230741/Whirlpool/fixed/exact_E_lambda_0.0/tuning/20260915_232337/Whirlpool/all_configs_seeds_grid.png
20260915_230741/Whirlpool/fixed/exact_td_lambda_0.5/
20260915_230741/Whirlpool/fixed/exact_td_lambda_0.5/tuning/
20260915_230741/Whirlpool/fixed/exact_td_lambda_0.5/tuning/20260915_232340/
20260915_230741/Whirlpool/fixed/exact_td_lambda_0.5/tuning/20260915_232340/Whirlpool/
20260915_230741/Whirlpool/fixed/exact_td_lambda_0.5/tuning/20260915_232340/Whirlpool/tuning_summary.csv
20260915_230741/Whirlpool/fixed/exact_td_lambda_0.5/tuning/20260915_232340/Whirlpool/tuning_summary.json
20260915_230741/Whirlpool/fixed/exact_td_lambda_0.5/tuning/20260915_232340/Whirlpool/best_config.json
20260915_230741/Whirlpool/fixed/exact_td_lambda_0.5/tuning/20260915_232340/Whirlpool/out.pkl
20260915_230741/Whirlpool/fixed/exact_td_lambda_0.5/tuning/20260915_232340/Whirlpool/config.json
20260915_230741/Whirlpool/fixed/exact_td_lambda_0.5/tuning/20260915_232340/Whirlpool/hyperparameter_sweep_nn_weighted_VE.png
20260915_230741/Whirlpool/fixed/exact_td_lambda_0.5/tuning/20260915_232340/Whirlpool/best_config_seeds.png
20260915_230741/Whirlpool/fixed/exact_td_lambda_0.5/tuning/20260915_232340/Whirlpool/all_configs_seeds_grid.png
20260915_230741/Whirlpool/fixed/exact_td_lambda_0.9/
20260915_230741/Whirlpool/fixed/exact_td_lambda_0.9/tuning/
20260915_230741/Whirlpool/fixed/exact_td_lambda_0.9/tuning/20260915_232426/
20260915_230741/Whirlpool/fixed/exact_td_lambda_0.9/tuning/20260915_232426/Whirlpool/
20260915_230741/Whirlpool/fixed/exact_td_lambda_0.9/tuning/20260915_232426/Whirlpool/tuning_summary.csv
20260915_230741/Whirlpool/fixed/exact_td_lambda_0.9/tuning/20260915_232426/Whirlpool/tuning_summary.json
20260915_230741/Whirlpool/fixed/exact_td_lambda_0.9/tuning/20260915_232426/Whirlpool/best_config.json
20260915_230741/Whirlpool/fixed/exact_td_lambda_0.9/tuning/20260915_232426/Whirlpool/out.pkl
20260915_230741/Whirlpool/fixed/exact_td_lambda_0.9/tuning/20260915_232426/Whirlpool/config.json
20260915_230741/Whirlpool/fixed/exact_td_lambda_0.9/tuning/20260915_232426/Whirlpool/hyperparameter_sweep_nn_weighted_VE.png
20260915_230741/Whirlpool/fixed/exact_td_lambda_0.9/tuning/20260915_232426/Whirlpool/best_config_seeds.png
20260915_230741/Whirlpool/fixed/exact_td_lambda_0.9/tuning/20260915_232426/Whirlpool/all_configs_seeds_grid.png
20260915_230741/Whirlpool/fixed/exact_E_lambda_0.5/
20260915_230741/Whirlpool/fixed/exact_E_lambda_0.5/tuning/
20260915_230741/Whirlpool/fixed/exact_E_lambda_0.5/tuning/20260915_232446/
20260915_230741/Whirlpool/fixed/exact_E_lambda_0.5/tuning/20260915_232446/Whirlpool/
20260915_230741/Whirlpool/fixed/exact_E_lambda_0.5/tuning/20260915_232446/Whirlpool/tuning_summary.csv
20260915_230741/Whirlpool/fixed/exact_E_lambda_0.5/tuning/20260915_232446/Whirlpool/tuning_summary.json
20260915_230741/Whirlpool/fixed/exact_E_lambda_0.5/tuning/20260915_232446/Whirlpool/best_config.json
20260915_230741/Whirlpool/fixed/exact_E_lambda_0.5/tuning/20260915_232446/Whirlpool/out.pkl
20260915_230741/Whirlpool/fixed/exact_E_lambda_0.5/tuning/20260915_232446/Whirlpool/config.json
20260915_230741/Whirlpool/fixed/exact_E_lambda_0.5/tuning/20260915_232446/Whirlpool/hyperparameter_sweep_nn_weighted_VE.png
20260915_230741/Whirlpool/fixed/exact_E_lambda_0.5/tuning/20260915_232446/Whirlpool/best_config_seeds.png
20260915_230741/Whirlpool/fixed/exact_E_lambda_0.5/tuning/20260915_232446/Whirlpool/all_configs_seeds_grid.png
20260915_230741/Whirlpool/fixed/exact_td_lambda_0.95/
20260915_230741/Whirlpool/fixed/exact_td_lambda_0.95/tuning/
20260915_230741/Whirlpool/fixed/exact_td_lambda_0.95/tuning/20260915_232512/
20260915_230741/Whirlpool/fixed/exact_td_lambda_0.95/tuning/20260915_232512/Whirlpool/
20260915_230741/Whirlpool/fixed/exact_td_lambda_0.95/tuning/20260915_232512/Whirlpool/tuning_summary.csv
20260915_230741/Whirlpool/fixed/exact_td_lambda_0.95/tuning/20260915_232512/Whirlpool/tuning_summary.json
20260915_230741/Whirlpool/fixed/exact_td_lambda_0.95/tuning/20260915_232512/Whirlpool/best_config.json
20260915_230741/Whirlpool/fixed/exact_td_lambda_0.95/tuning/20260915_232512/Whirlpool/out.pkl
20260915_230741/Whirlpool/fixed/exact_td_lambda_0.95/tuning/20260915_232512/Whirlpool/config.json
20260915_230741/Whirlpool/fixed/exact_td_lambda_0.95/tuning/20260915_232512/Whirlpool/hyperparameter_sweep_nn_weighted_VE.png
20260915_230741/Whirlpool/fixed/exact_td_lambda_0.95/tuning/20260915_232512/Whirlpool/best_config_seeds.png
20260915_230741/Whirlpool/fixed/exact_td_lambda_0.95/tuning/20260915_232512/Whirlpool/all_configs_seeds_grid.png
20260915_230741/Whirlpool/fixed/exact_E_lambda_0.9/
20260915_230741/Whirlpool/fixed/exact_E_lambda_0.9/tuning/
20260915_230741/Whirlpool/fixed/exact_E_lambda_0.9/tuning/20260915_232532/
20260915_230741/Whirlpool/fixed/exact_E_lambda_0.9/tuning/20260915_232532/Whirlpool/
20260915_230741/Whirlpool/fixed/exact_E_lambda_0.9/tuning/20260915_232532/Whirlpool/tuning_summary.csv
20260915_230741/Whirlpool/fixed/exact_E_lambda_0.9/tuning/20260915_232532/Whirlpool/tuning_summary.json
20260915_230741/Whirlpool/fixed/exact_E_lambda_0.9/tuning/20260915_232532/Whirlpool/best_config.json
20260915_230741/Whirlpool/fixed/exact_E_lambda_0.9/tuning/20260915_232532/Whirlpool/out.pkl
20260915_230741/Whirlpool/fixed/exact_E_lambda_0.9/tuning/20260915_232532/Whirlpool/config.json
20260915_230741/Whirlpool/fixed/exact_E_lambda_0.9/tuning/20260915_232532/Whirlpool/hyperparameter_sweep_nn_weighted_VE.png
20260915_230741/Whirlpool/fixed/exact_E_lambda_0.9/tuning/20260915_232532/Whirlpool/best_config_seeds.png
20260915_230741/Whirlpool/fixed/exact_E_lambda_0.9/tuning/20260915_232532/Whirlpool/all_configs_seeds_grid.png
20260915_230741/Whirlpool/fixed/exact_td_lambda_0.99/
20260915_230741/Whirlpool/fixed/exact_td_lambda_0.99/tuning/
20260915_230741/Whirlpool/fixed/exact_td_lambda_0.99/tuning/20260915_232558/
20260915_230741/Whirlpool/fixed/exact_td_lambda_0.99/tuning/20260915_232558/Whirlpool/
20260915_230741/Whirlpool/fixed/exact_td_lambda_0.99/tuning/20260915_232558/Whirlpool/tuning_summary.csv
20260915_230741/Whirlpool/fixed/exact_td_lambda_0.99/tuning/20260915_232558/Whirlpool/tuning_summary.json
20260915_230741/Whirlpool/fixed/exact_td_lambda_0.99/tuning/20260915_232558/Whirlpool/best_config.json
20260915_230741/Whirlpool/fixed/exact_td_lambda_0.99/tuning/20260915_232558/Whirlpool/out.pkl
20260915_230741/Whirlpool/fixed/exact_td_lambda_0.99/tuning/20260915_232558/Whirlpool/config.json
20260915_230741/Whirlpool/fixed/exact_td_lambda_0.99/tuning/20260915_232558/Whirlpool/hyperparameter_sweep_nn_weighted_VE.png
20260915_230741/Whirlpool/fixed/exact_td_lambda_0.99/tuning/20260915_232558/Whirlpool/best_config_seeds.png
20260915_230741/Whirlpool/fixed/exact_td_lambda_0.99/tuning/20260915_232558/Whirlpool/all_configs_seeds_grid.png
20260915_230741/Whirlpool/fixed/exact_E_lambda_0.95/
20260915_230741/Whirlpool/fixed/exact_E_lambda_0.95/tuning/
20260915_230741/Whirlpool/fixed/exact_E_lambda_0.95/tuning/20260915_232618/
20260915_230741/Whirlpool/fixed/exact_E_lambda_0.95/tuning/20260915_232618/Whirlpool/
20260915_230741/Whirlpool/fixed/exact_E_lambda_0.95/tuning/20260915_232618/Whirlpool/tuning_summary.csv
20260915_230741/Whirlpool/fixed/exact_E_lambda_0.95/tuning/20260915_232618/Whirlpool/tuning_summary.json
20260915_230741/Whirlpool/fixed/exact_E_lambda_0.95/tuning/20260915_232618/Whirlpool/best_config.json
20260915_230741/Whirlpool/fixed/exact_E_lambda_0.95/tuning/20260915_232618/Whirlpool/out.pkl
20260915_230741/Whirlpool/fixed/exact_E_lambda_0.95/tuning/20260915_232618/Whirlpool/config.json
20260915_230741/Whirlpool/fixed/exact_E_lambda_0.95/tuning/20260915_232618/Whirlpool/hyperparameter_sweep_nn_weighted_VE.png
20260915_230741/Whirlpool/fixed/exact_E_lambda_0.95/tuning/20260915_232618/Whirlpool/best_config_seeds.png
20260915_230741/Whirlpool/fixed/exact_E_lambda_0.95/tuning/20260915_232618/Whirlpool/all_configs_seeds_grid.png
20260915_230741/Whirlpool/fixed/exact_E_lambda_0.99/
20260915_230741/Whirlpool/fixed/exact_E_lambda_0.99/tuning/
20260915_230741/Whirlpool/fixed/exact_E_lambda_0.99/tuning/20260915_232704/
20260915_230741/Whirlpool/fixed/exact_E_lambda_0.99/tuning/20260915_232704/Whirlpool/
20260915_230741/Whirlpool/fixed/exact_E_lambda_0.99/tuning/20260915_232704/Whirlpool/tuning_summary.csv
20260915_230741/Whirlpool/fixed/exact_E_lambda_0.99/tuning/20260915_232704/Whirlpool/tuning_summary.json
20260915_230741/Whirlpool/fixed/exact_E_lambda_0.99/tuning/20260915_232704/Whirlpool/best_config.json
20260915_230741/Whirlpool/fixed/exact_E_lambda_0.99/tuning/20260915_232704/Whirlpool/out.pkl
20260915_230741/Whirlpool/fixed/exact_E_lambda_0.99/tuning/20260915_232704/Whirlpool/config.json
20260915_230741/Whirlpool/fixed/exact_E_lambda_0.99/tuning/20260915_232704/Whirlpool/hyperparameter_sweep_nn_weighted_VE.png
20260915_230741/Whirlpool/fixed/exact_E_lambda_0.99/tuning/20260915_232704/Whirlpool/best_config_seeds.png
20260915_230741/Whirlpool/fixed/exact_E_lambda_0.99/tuning/20260915_232704/Whirlpool/all_configs_seeds_grid.png
20260915_230741/Whirlpool/fixed/comparison/
20260915_230741/Whirlpool/fixed/comparison/comparison_summary.csv
20260915_230741/Whirlpool/fixed/comparison/lambda_comparison_plot.png
20260915_230741/Whirlpool/random/
20260915_230741/Whirlpool/random/exact_td_lambda_0.0/
20260915_230741/Whirlpool/random/exact_td_lambda_0.0/tuning/
20260915_230741/Whirlpool/random/exact_td_lambda_0.0/tuning/20260915_232403/
20260915_230741/Whirlpool/random/exact_td_lambda_0.0/tuning/20260915_232403/Whirlpool/
20260915_230741/Whirlpool/random/exact_td_lambda_0.0/tuning/20260915_232403/Whirlpool/tuning_summary.csv
20260915_230741/Whirlpool/random/exact_td_lambda_0.0/tuning/20260915_232403/Whirlpool/tuning_summary.json
20260915_230741/Whirlpool/random/exact_td_lambda_0.0/tuning/20260915_232403/Whirlpool/best_config.json
20260915_230741/Whirlpool/random/exact_td_lambda_0.0/tuning/20260915_232403/Whirlpool/out.pkl
20260915_230741/Whirlpool/random/exact_td_lambda_0.0/tuning/20260915_232403/Whirlpool/config.json
20260915_230741/Whirlpool/random/exact_td_lambda_0.0/tuning/20260915_232403/Whirlpool/hyperparameter_sweep_nn_weighted_VE.png
20260915_230741/Whirlpool/random/exact_td_lambda_0.0/tuning/20260915_232403/Whirlpool/best_config_seeds.png
20260915_230741/Whirlpool/random/exact_td_lambda_0.0/tuning/20260915_232403/Whirlpool/all_configs_seeds_grid.png
20260915_230741/Whirlpool/random/exact_E_lambda_0.0/
20260915_230741/Whirlpool/random/exact_E_lambda_0.0/tuning/
20260915_230741/Whirlpool/random/exact_E_lambda_0.0/tuning/20260915_232505/
20260915_230741/Whirlpool/random/exact_E_lambda_0.0/tuning/20260915_232505/Whirlpool/
20260915_230741/Whirlpool/random/exact_E_lambda_0.0/tuning/20260915_232505/Whirlpool/tuning_summary.csv
20260915_230741/Whirlpool/random/exact_E_lambda_0.0/tuning/20260915_232505/Whirlpool/tuning_summary.json
20260915_230741/Whirlpool/random/exact_E_lambda_0.0/tuning/20260915_232505/Whirlpool/best_config.json
20260915_230741/Whirlpool/random/exact_E_lambda_0.0/tuning/20260915_232505/Whirlpool/out.pkl
20260915_230741/Whirlpool/random/exact_E_lambda_0.0/tuning/20260915_232505/Whirlpool/config.json
20260915_230741/Whirlpool/random/exact_E_lambda_0.0/tuning/20260915_232505/Whirlpool/hyperparameter_sweep_nn_weighted_VE.png
20260915_230741/Whirlpool/random/exact_E_lambda_0.0/tuning/20260915_232505/Whirlpool/best_config_seeds.png
20260915_230741/Whirlpool/random/exact_E_lambda_0.0/tuning/20260915_232505/Whirlpool/all_configs_seeds_grid.png
20260915_230741/Whirlpool/random/exact_td_lambda_0.5/
20260915_230741/Whirlpool/random/exact_td_lambda_0.5/tuning/
20260915_230741/Whirlpool/random/exact_td_lambda_0.5/tuning/20260915_232507/
20260915_230741/Whirlpool/random/exact_td_lambda_0.5/tuning/20260915_232507/Whirlpool/
20260915_230741/Whirlpool/random/exact_td_lambda_0.5/tuning/20260915_232507/Whirlpool/tuning_summary.csv
20260915_230741/Whirlpool/random/exact_td_lambda_0.5/tuning/20260915_232507/Whirlpool/tuning_summary.json
20260915_230741/Whirlpool/random/exact_td_lambda_0.5/tuning/20260915_232507/Whirlpool/best_config.json
20260915_230741/Whirlpool/random/exact_td_lambda_0.5/tuning/20260915_232507/Whirlpool/out.pkl
20260915_230741/Whirlpool/random/exact_td_lambda_0.5/tuning/20260915_232507/Whirlpool/config.json
20260915_230741/Whirlpool/random/exact_td_lambda_0.5/tuning/20260915_232507/Whirlpool/hyperparameter_sweep_nn_weighted_VE.png
20260915_230741/Whirlpool/random/exact_td_lambda_0.5/tuning/20260915_232507/Whirlpool/best_config_seeds.png
20260915_230741/Whirlpool/random/exact_td_lambda_0.5/tuning/20260915_232507/Whirlpool/all_configs_seeds_grid.png
20260915_230741/Whirlpool/random/exact_td_lambda_0.9/
20260915_230741/Whirlpool/random/exact_td_lambda_0.9/tuning/
20260915_230741/Whirlpool/random/exact_td_lambda_0.9/tuning/20260915_232551/
20260915_230741/Whirlpool/random/exact_td_lambda_0.9/tuning/20260915_232551/Whirlpool/
20260915_230741/Whirlpool/random/exact_td_lambda_0.9/tuning/20260915_232551/Whirlpool/tuning_summary.csv
20260915_230741/Whirlpool/random/exact_td_lambda_0.9/tuning/20260915_232551/Whirlpool/tuning_summary.json
20260915_230741/Whirlpool/random/exact_td_lambda_0.9/tuning/20260915_232551/Whirlpool/best_config.json
20260915_230741/Whirlpool/random/exact_td_lambda_0.9/tuning/20260915_232551/Whirlpool/out.pkl
20260915_230741/Whirlpool/random/exact_td_lambda_0.9/tuning/20260915_232551/Whirlpool/config.json
20260915_230741/Whirlpool/random/exact_td_lambda_0.9/tuning/20260915_232551/Whirlpool/hyperparameter_sweep_nn_weighted_VE.png
20260915_230741/Whirlpool/random/exact_td_lambda_0.9/tuning/20260915_232551/Whirlpool/best_config_seeds.png
20260915_230741/Whirlpool/random/exact_td_lambda_0.9/tuning/20260915_232551/Whirlpool/all_configs_seeds_grid.png
20260915_230741/Whirlpool/random/exact_E_lambda_0.5/
20260915_230741/Whirlpool/random/exact_E_lambda_0.5/tuning/
20260915_230741/Whirlpool/random/exact_E_lambda_0.5/tuning/20260915_232614/
20260915_230741/Whirlpool/random/exact_E_lambda_0.5/tuning/20260915_232614/Whirlpool/
20260915_230741/Whirlpool/random/exact_E_lambda_0.5/tuning/20260915_232614/Whirlpool/tuning_summary.csv
20260915_230741/Whirlpool/random/exact_E_lambda_0.5/tuning/20260915_232614/Whirlpool/tuning_summary.json
20260915_230741/Whirlpool/random/exact_E_lambda_0.5/tuning/20260915_232614/Whirlpool/best_config.json
20260915_230741/Whirlpool/random/exact_E_lambda_0.5/tuning/20260915_232614/Whirlpool/out.pkl
20260915_230741/Whirlpool/random/exact_E_lambda_0.5/tuning/20260915_232614/Whirlpool/config.json
20260915_230741/Whirlpool/random/exact_E_lambda_0.5/tuning/20260915_232614/Whirlpool/hyperparameter_sweep_nn_weighted_VE.png
20260915_230741/Whirlpool/random/exact_E_lambda_0.5/tuning/20260915_232614/Whirlpool/best_config_seeds.png
20260915_230741/Whirlpool/random/exact_E_lambda_0.5/tuning/20260915_232614/Whirlpool/all_configs_seeds_grid.png
20260915_230741/Whirlpool/random/exact_td_lambda_0.95/
20260915_230741/Whirlpool/random/exact_td_lambda_0.95/tuning/
20260915_230741/Whirlpool/random/exact_td_lambda_0.95/tuning/20260915_232637/
20260915_230741/Whirlpool/random/exact_td_lambda_0.95/tuning/20260915_232637/Whirlpool/
20260915_230741/Whirlpool/random/exact_td_lambda_0.95/tuning/20260915_232637/Whirlpool/tuning_summary.csv
20260915_230741/Whirlpool/random/exact_td_lambda_0.95/tuning/20260915_232637/Whirlpool/tuning_summary.json
20260915_230741/Whirlpool/random/exact_td_lambda_0.95/tuning/20260915_232637/Whirlpool/best_config.json
20260915_230741/Whirlpool/random/exact_td_lambda_0.95/tuning/20260915_232637/Whirlpool/out.pkl
20260915_230741/Whirlpool/random/exact_td_lambda_0.95/tuning/20260915_232637/Whirlpool/config.json
20260915_230741/Whirlpool/random/exact_td_lambda_0.95/tuning/20260915_232637/Whirlpool/hyperparameter_sweep_nn_weighted_VE.png
20260915_230741/Whirlpool/random/exact_td_lambda_0.95/tuning/20260915_232637/Whirlpool/best_config_seeds.png
20260915_230741/Whirlpool/random/exact_td_lambda_0.95/tuning/20260915_232637/Whirlpool/all_configs_seeds_grid.png
20260915_230741/Whirlpool/random/exact_E_lambda_0.9/
20260915_230741/Whirlpool/random/exact_E_lambda_0.9/tuning/
20260915_230741/Whirlpool/random/exact_E_lambda_0.9/tuning/20260915_232659/
20260915_230741/Whirlpool/random/exact_E_lambda_0.9/tuning/20260915_232659/Whirlpool/
20260915_230741/Whirlpool/random/exact_E_lambda_0.9/tuning/20260915_232659/Whirlpool/tuning_summary.csv
20260915_230741/Whirlpool/random/exact_E_lambda_0.9/tuning/20260915_232659/Whirlpool/tuning_summary.json
20260915_230741/Whirlpool/random/exact_E_lambda_0.9/tuning/20260915_232659/Whirlpool/best_config.json
20260915_230741/Whirlpool/random/exact_E_lambda_0.9/tuning/20260915_232659/Whirlpool/out.pkl
20260915_230741/Whirlpool/random/exact_E_lambda_0.9/tuning/20260915_232659/Whirlpool/config.json
20260915_230741/Whirlpool/random/exact_E_lambda_0.9/tuning/20260915_232659/Whirlpool/hyperparameter_sweep_nn_weighted_VE.png
20260915_230741/Whirlpool/random/exact_E_lambda_0.9/tuning/20260915_232659/Whirlpool/best_config_seeds.png
20260915_230741/Whirlpool/random/exact_E_lambda_0.9/tuning/20260915_232659/Whirlpool/all_configs_seeds_grid.png
20260915_230741/Whirlpool/random/exact_td_lambda_0.99/
20260915_230741/Whirlpool/random/exact_td_lambda_0.99/tuning/
20260915_230741/Whirlpool/random/exact_td_lambda_0.99/tuning/20260915_232722/
20260915_230741/Whirlpool/random/exact_td_lambda_0.99/tuning/20260915_232722/Whirlpool/
20260915_230741/Whirlpool/random/exact_td_lambda_0.99/tuning/20260915_232722/Whirlpool/tuning_summary.csv
20260915_230741/Whirlpool/random/exact_td_lambda_0.99/tuning/20260915_232722/Whirlpool/tuning_summary.json
20260915_230741/Whirlpool/random/exact_td_lambda_0.99/tuning/20260915_232722/Whirlpool/best_config.json
20260915_230741/Whirlpool/random/exact_td_lambda_0.99/tuning/20260915_232722/Whirlpool/out.pkl
20260915_230741/Whirlpool/random/exact_td_lambda_0.99/tuning/20260915_232722/Whirlpool/config.json
20260915_230741/Whirlpool/random/exact_td_lambda_0.99/tuning/20260915_232722/Whirlpool/hyperparameter_sweep_nn_weighted_VE.png
20260915_230741/Whirlpool/random/exact_td_lambda_0.99/tuning/20260915_232722/Whirlpool/best_config_seeds.png
20260915_230741/Whirlpool/random/exact_td_lambda_0.99/tuning/20260915_232722/Whirlpool/all_configs_seeds_grid.png
20260915_230741/Whirlpool/random/exact_E_lambda_0.95/
20260915_230741/Whirlpool/random/exact_E_lambda_0.95/tuning/
20260915_230741/Whirlpool/random/exact_E_lambda_0.95/tuning/20260915_232744/
20260915_230741/Whirlpool/random/exact_E_lambda_0.95/tuning/20260915_232744/Whirlpool/
20260915_230741/Whirlpool/random/exact_E_lambda_0.95/tuning/20260915_232744/Whirlpool/tuning_summary.csv
20260915_230741/Whirlpool/random/exact_E_lambda_0.95/tuning/20260915_232744/Whirlpool/tuning_summary.json
20260915_230741/Whirlpool/random/exact_E_lambda_0.95/tuning/20260915_232744/Whirlpool/best_config.json
20260915_230741/Whirlpool/random/exact_E_lambda_0.95/tuning/20260915_232744/Whirlpool/out.pkl
20260915_230741/Whirlpool/random/exact_E_lambda_0.95/tuning/20260915_232744/Whirlpool/config.json
20260915_230741/Whirlpool/random/exact_E_lambda_0.95/tuning/20260915_232744/Whirlpool/hyperparameter_sweep_nn_weighted_VE.png
20260915_230741/Whirlpool/random/exact_E_lambda_0.95/tuning/20260915_232744/Whirlpool/best_config_seeds.png
20260915_230741/Whirlpool/random/exact_E_lambda_0.95/tuning/20260915_232744/Whirlpool/all_configs_seeds_grid.png
20260915_230741/Whirlpool/random/exact_E_lambda_0.99/
20260915_230741/Whirlpool/random/exact_E_lambda_0.99/tuning/
20260915_230741/Whirlpool/random/exact_E_lambda_0.99/tuning/20260915_232830/
20260915_230741/Whirlpool/random/exact_E_lambda_0.99/tuning/20260915_232830/Whirlpool/
20260915_230741/Whirlpool/random/exact_E_lambda_0.99/tuning/20260915_232830/Whirlpool/tuning_summary.csv
20260915_230741/Whirlpool/random/exact_E_lambda_0.99/tuning/20260915_232830/Whirlpool/tuning_summary.json
20260915_230741/Whirlpool/random/exact_E_lambda_0.99/tuning/20260915_232830/Whirlpool/best_config.json
20260915_230741/Whirlpool/random/exact_E_lambda_0.99/tuning/20260915_232830/Whirlpool/out.pkl
20260915_230741/Whirlpool/random/exact_E_lambda_0.99/tuning/20260915_232830/Whirlpool/config.json
20260915_230741/Whirlpool/random/exact_E_lambda_0.99/tuning/20260915_232830/Whirlpool/hyperparameter_sweep_nn_weighted_VE.png
20260915_230741/Whirlpool/random/exact_E_lambda_0.99/tuning/20260915_232830/Whirlpool/best_config_seeds.png
20260915_230741/Whirlpool/random/exact_E_lambda_0.99/tuning/20260915_232830/Whirlpool/all_configs_seeds_grid.png
20260915_230741/Whirlpool/random/comparison/
20260915_230741/Whirlpool/random/comparison/comparison_summary.csv
20260915_230741/Whirlpool/random/comparison/lambda_comparison_plot.png
20260915_230741/Whirlpool/ppo/
20260915_230741/Whirlpool/ppo/exact_td_lambda_0.0/
20260915_230741/Whirlpool/ppo/exact_td_lambda_0.0/tuning/
20260915_230741/Whirlpool/ppo/exact_td_lambda_0.0/tuning/20260915_232703/
20260915_230741/Whirlpool/ppo/exact_td_lambda_0.0/tuning/20260915_232703/Whirlpool/
20260915_230741/Whirlpool/ppo/exact_td_lambda_0.0/tuning/20260915_232703/Whirlpool/tuning_summary.csv
20260915_230741/Whirlpool/ppo/exact_td_lambda_0.0/tuning/20260915_232703/Whirlpool/tuning_summary.json
20260915_230741/Whirlpool/ppo/exact_td_lambda_0.0/tuning/20260915_232703/Whirlpool/best_config.json
20260915_230741/Whirlpool/ppo/exact_td_lambda_0.0/tuning/20260915_232703/Whirlpool/out.pkl
20260915_230741/Whirlpool/ppo/exact_td_lambda_0.0/tuning/20260915_232703/Whirlpool/config.json
20260915_230741/Whirlpool/ppo/exact_td_lambda_0.0/tuning/20260915_232703/Whirlpool/hyperparameter_sweep_V_start.png
20260915_230741/Whirlpool/ppo/exact_td_lambda_0.0/tuning/20260915_232703/Whirlpool/best_config_seeds.png
20260915_230741/Whirlpool/ppo/exact_td_lambda_0.0/tuning/20260915_232703/Whirlpool/all_configs_seeds_grid.png
20260915_230741/Whirlpool/ppo/exact_E_lambda_0.0/
20260915_230741/Whirlpool/ppo/exact_E_lambda_0.0/tuning/
20260915_230741/Whirlpool/ppo/exact_E_lambda_0.0/tuning/20260915_232807/
20260915_230741/Whirlpool/ppo/exact_E_lambda_0.0/tuning/20260915_232807/Whirlpool/
20260915_230741/Whirlpool/ppo/exact_E_lambda_0.0/tuning/20260915_232807/Whirlpool/tuning_summary.csv
20260915_230741/Whirlpool/ppo/exact_E_lambda_0.0/tuning/20260915_232807/Whirlpool/tuning_summary.json
20260915_230741/Whirlpool/ppo/exact_E_lambda_0.0/tuning/20260915_232807/Whirlpool/best_config.json
20260915_230741/Whirlpool/ppo/exact_E_lambda_0.0/tuning/20260915_232807/Whirlpool/out.pkl
20260915_230741/Whirlpool/ppo/exact_E_lambda_0.0/tuning/20260915_232807/Whirlpool/config.json
20260915_230741/Whirlpool/ppo/exact_E_lambda_0.0/tuning/20260915_232807/Whirlpool/hyperparameter_sweep_V_start.png
20260915_230741/Whirlpool/ppo/exact_E_lambda_0.0/tuning/20260915_232807/Whirlpool/best_config_seeds.png
20260915_230741/Whirlpool/ppo/exact_E_lambda_0.0/tuning/20260915_232807/Whirlpool/all_configs_seeds_grid.png
20260915_230741/Whirlpool/ppo/exact_td_lambda_0.5/
20260915_230741/Whirlpool/ppo/exact_td_lambda_0.5/tuning/
20260915_230741/Whirlpool/ppo/exact_td_lambda_0.5/tuning/20260915_233452/
20260915_230741/Whirlpool/ppo/exact_td_lambda_0.5/tuning/20260915_233452/Whirlpool/
20260915_230741/Whirlpool/ppo/exact_td_lambda_0.5/tuning/20260915_233452/Whirlpool/tuning_summary.csv
20260915_230741/Whirlpool/ppo/exact_td_lambda_0.5/tuning/20260915_233452/Whirlpool/tuning_summary.json
20260915_230741/Whirlpool/ppo/exact_td_lambda_0.5/tuning/20260915_233452/Whirlpool/best_config.json
20260915_230741/Whirlpool/ppo/exact_td_lambda_0.5/tuning/20260915_233452/Whirlpool/out.pkl
20260915_230741/Whirlpool/ppo/exact_td_lambda_0.5/tuning/20260915_233452/Whirlpool/config.json
20260915_230741/Whirlpool/ppo/exact_td_lambda_0.5/tuning/20260915_233452/Whirlpool/hyperparameter_sweep_V_start.png
20260915_230741/Whirlpool/ppo/exact_td_lambda_0.5/tuning/20260915_233452/Whirlpool/best_config_seeds.png
20260915_230741/Whirlpool/ppo/exact_td_lambda_0.5/tuning/20260915_233452/Whirlpool/all_configs_seeds_grid.png
20260915_230741/Whirlpool/ppo/exact_E_lambda_0.5/
20260915_230741/Whirlpool/ppo/exact_E_lambda_0.5/tuning/
20260915_230741/Whirlpool/ppo/exact_E_lambda_0.5/tuning/20260915_233657/
20260915_230741/Whirlpool/ppo/exact_E_lambda_0.5/tuning/20260915_233657/Whirlpool/
20260915_230741/Whirlpool/ppo/exact_E_lambda_0.5/tuning/20260915_233657/Whirlpool/tuning_summary.csv
20260915_230741/Whirlpool/ppo/exact_E_lambda_0.5/tuning/20260915_233657/Whirlpool/tuning_summary.json
20260915_230741/Whirlpool/ppo/exact_E_lambda_0.5/tuning/20260915_233657/Whirlpool/best_config.json
20260915_230741/Whirlpool/ppo/exact_E_lambda_0.5/tuning/20260915_233657/Whirlpool/out.pkl
20260915_230741/Whirlpool/ppo/exact_E_lambda_0.5/tuning/20260915_233657/Whirlpool/config.json
20260915_230741/Whirlpool/ppo/exact_E_lambda_0.5/tuning/20260915_233657/Whirlpool/hyperparameter_sweep_V_start.png
20260915_230741/Whirlpool/ppo/exact_E_lambda_0.5/tuning/20260915_233657/Whirlpool/best_config_seeds.png
20260915_230741/Whirlpool/ppo/exact_E_lambda_0.5/tuning/20260915_233657/Whirlpool/all_configs_seeds_grid.png
20260915_230741/Whirlpool/ppo/exact_td_lambda_0.9/
20260915_230741/Whirlpool/ppo/exact_td_lambda_0.9/tuning/
20260915_230741/Whirlpool/ppo/exact_td_lambda_0.9/tuning/20260915_234229/
20260915_230741/Whirlpool/ppo/exact_td_lambda_0.9/tuning/20260915_234229/Whirlpool/
20260915_230741/Whirlpool/ppo/exact_td_lambda_0.9/tuning/20260915_234229/Whirlpool/tuning_summary.csv
20260915_230741/Whirlpool/ppo/exact_td_lambda_0.9/tuning/20260915_234229/Whirlpool/tuning_summary.json
20260915_230741/Whirlpool/ppo/exact_td_lambda_0.9/tuning/20260915_234229/Whirlpool/best_config.json
20260915_230741/Whirlpool/ppo/exact_td_lambda_0.9/tuning/20260915_234229/Whirlpool/out.pkl
20260915_230741/Whirlpool/ppo/exact_td_lambda_0.9/tuning/20260915_234229/Whirlpool/config.json
20260915_230741/Whirlpool/ppo/exact_td_lambda_0.9/tuning/20260915_234229/Whirlpool/hyperparameter_sweep_V_start.png
20260915_230741/Whirlpool/ppo/exact_td_lambda_0.9/tuning/20260915_234229/Whirlpool/best_config_seeds.png
20260915_230741/Whirlpool/ppo/exact_td_lambda_0.9/tuning/20260915_234229/Whirlpool/all_configs_seeds_grid.png
20260915_230741/Whirlpool/ppo/exact_E_lambda_0.9/
20260915_230741/Whirlpool/ppo/exact_E_lambda_0.9/tuning/
20260915_230741/Whirlpool/ppo/exact_E_lambda_0.9/tuning/20260915_234524/
20260915_230741/Whirlpool/ppo/exact_E_lambda_0.9/tuning/20260915_234524/Whirlpool/
20260915_230741/Whirlpool/ppo/exact_E_lambda_0.9/tuning/20260915_234524/Whirlpool/tuning_summary.csv
20260915_230741/Whirlpool/ppo/exact_E_lambda_0.9/tuning/20260915_234524/Whirlpool/tuning_summary.json
20260915_230741/Whirlpool/ppo/exact_E_lambda_0.9/tuning/20260915_234524/Whirlpool/best_config.json
20260915_230741/Whirlpool/ppo/exact_E_lambda_0.9/tuning/20260915_234524/Whirlpool/out.pkl
20260915_230741/Whirlpool/ppo/exact_E_lambda_0.9/tuning/20260915_234524/Whirlpool/config.json
20260915_230741/Whirlpool/ppo/exact_E_lambda_0.9/tuning/20260915_234524/Whirlpool/hyperparameter_sweep_V_start.png
20260915_230741/Whirlpool/ppo/exact_E_lambda_0.9/tuning/20260915_234524/Whirlpool/best_config_seeds.png
20260915_230741/Whirlpool/ppo/exact_E_lambda_0.9/tuning/20260915_234524/Whirlpool/all_configs_seeds_grid.png
20260915_230741/Whirlpool/ppo/exact_td_lambda_0.95/
20260915_230741/Whirlpool/ppo/exact_td_lambda_0.95/tuning/
20260915_230741/Whirlpool/ppo/exact_td_lambda_0.95/tuning/20260915_235005/
20260915_230741/Whirlpool/ppo/exact_td_lambda_0.95/tuning/20260915_235005/Whirlpool/
20260915_230741/Whirlpool/ppo/exact_td_lambda_0.95/tuning/20260915_235005/Whirlpool/tuning_summary.csv
20260915_230741/Whirlpool/ppo/exact_td_lambda_0.95/tuning/20260915_235005/Whirlpool/tuning_summary.json
20260915_230741/Whirlpool/ppo/exact_td_lambda_0.95/tuning/20260915_235005/Whirlpool/best_config.json
20260915_230741/Whirlpool/ppo/exact_td_lambda_0.95/tuning/20260915_235005/Whirlpool/out.pkl
20260915_230741/Whirlpool/ppo/exact_td_lambda_0.95/tuning/20260915_235005/Whirlpool/config.json
20260915_230741/Whirlpool/ppo/exact_td_lambda_0.95/tuning/20260915_235005/Whirlpool/hyperparameter_sweep_V_start.png
20260915_230741/Whirlpool/ppo/exact_td_lambda_0.95/tuning/20260915_235005/Whirlpool/best_config_seeds.png
20260915_230741/Whirlpool/ppo/exact_td_lambda_0.95/tuning/20260915_235005/Whirlpool/all_configs_seeds_grid.png
20260915_230741/Whirlpool/ppo/exact_E_lambda_0.95/
20260915_230741/Whirlpool/ppo/exact_E_lambda_0.95/tuning/
20260915_230741/Whirlpool/ppo/exact_E_lambda_0.95/tuning/20260915_235350/
20260915_230741/Whirlpool/ppo/exact_E_lambda_0.95/tuning/20260915_235350/Whirlpool/
20260915_230741/Whirlpool/ppo/exact_E_lambda_0.95/tuning/20260915_235350/Whirlpool/tuning_summary.csv
20260915_230741/Whirlpool/ppo/exact_E_lambda_0.95/tuning/20260915_235350/Whirlpool/tuning_summary.json
20260915_230741/Whirlpool/ppo/exact_E_lambda_0.95/tuning/20260915_235350/Whirlpool/best_config.json
20260915_230741/Whirlpool/ppo/exact_E_lambda_0.95/tuning/20260915_235350/Whirlpool/out.pkl
20260915_230741/Whirlpool/ppo/exact_E_lambda_0.95/tuning/20260915_235350/Whirlpool/config.json
20260915_230741/Whirlpool/ppo/exact_E_lambda_0.95/tuning/20260915_235350/Whirlpool/hyperparameter_sweep_V_start.png
20260915_230741/Whirlpool/ppo/exact_E_lambda_0.95/tuning/20260915_235350/Whirlpool/best_config_seeds.png
20260915_230741/Whirlpool/ppo/exact_E_lambda_0.95/tuning/20260915_235350/Whirlpool/all_configs_seeds_grid.png
20260915_230741/Whirlpool/ppo/exact_td_lambda_0.99/
20260915_230741/Whirlpool/ppo/exact_td_lambda_0.99/tuning/
20260915_230741/Whirlpool/ppo/exact_td_lambda_0.99/tuning/20260915_235740/
20260915_230741/Whirlpool/ppo/exact_td_lambda_0.99/tuning/20260915_235740/Whirlpool/
20260915_230741/Whirlpool/ppo/exact_td_lambda_0.99/tuning/20260915_235740/Whirlpool/tuning_summary.csv
20260915_230741/Whirlpool/ppo/exact_td_lambda_0.99/tuning/20260915_235740/Whirlpool/tuning_summary.json
20260915_230741/Whirlpool/ppo/exact_td_lambda_0.99/tuning/20260915_235740/Whirlpool/best_config.json
20260915_230741/Whirlpool/ppo/exact_td_lambda_0.99/tuning/20260915_235740/Whirlpool/out.pkl
20260915_230741/Whirlpool/ppo/exact_td_lambda_0.99/tuning/20260915_235740/Whirlpool/config.json
20260915_230741/Whirlpool/ppo/exact_td_lambda_0.99/tuning/20260915_235740/Whirlpool/hyperparameter_sweep_V_start.png
20260915_230741/Whirlpool/ppo/exact_td_lambda_0.99/tuning/20260915_235740/Whirlpool/best_config_seeds.png
20260915_230741/Whirlpool/ppo/exact_td_lambda_0.99/tuning/20260915_235740/Whirlpool/all_configs_seeds_grid.png
20260915_230741/Whirlpool/ppo/exact_E_lambda_0.99/
20260915_230741/Whirlpool/ppo/exact_E_lambda_0.99/tuning/
20260915_230741/Whirlpool/ppo/exact_E_lambda_0.99/tuning/20260916_000217/
20260915_230741/Whirlpool/ppo/exact_E_lambda_0.99/tuning/20260916_000217/Whirlpool/
20260915_230741/Whirlpool/ppo/exact_E_lambda_0.99/tuning/20260916_000217/Whirlpool/tuning_summary.csv
20260915_230741/Whirlpool/ppo/exact_E_lambda_0.99/tuning/20260916_000217/Whirlpool/tuning_summary.json
20260915_230741/Whirlpool/ppo/exact_E_lambda_0.99/tuning/20260916_000217/Whirlpool/best_config.json
20260915_230741/Whirlpool/ppo/exact_E_lambda_0.99/tuning/20260916_000217/Whirlpool/out.pkl
20260915_230741/Whirlpool/ppo/exact_E_lambda_0.99/tuning/20260916_000217/Whirlpool/config.json
20260915_230741/Whirlpool/ppo/exact_E_lambda_0.99/tuning/20260916_000217/Whirlpool/hyperparameter_sweep_V_start.png
20260915_230741/Whirlpool/ppo/exact_E_lambda_0.99/tuning/20260916_000217/Whirlpool/best_config_seeds.png
20260915_230741/Whirlpool/ppo/exact_E_lambda_0.99/tuning/20260916_000217/Whirlpool/all_configs_seeds_grid.png
20260915_230741/Whirlpool/ppo/comparison/
20260915_230741/Whirlpool/ppo/comparison/comparison_summary.csv
20260915_230741/MountainCar-v0/
20260915_230741/MountainCar-v0/fixed/
20260915_230741/MountainCar-v0/fixed/exact_td_lambda_0.0/
20260915_230741/MountainCar-v0/fixed/exact_td_lambda_0.0/tuning/
20260915_230741/MountainCar-v0/fixed/exact_td_lambda_0.0/tuning/20260915_232833/
20260915_230741/MountainCar-v0/fixed/exact_td_lambda_0.0/tuning/20260915_232833/MountainCar-v0/
20260915_230741/MountainCar-v0/fixed/exact_td_lambda_0.0/tuning/20260915_232833/MountainCar-v0/tuning_summary.csv
20260915_230741/MountainCar-v0/fixed/exact_td_lambda_0.0/tuning/20260915_232833/MountainCar-v0/tuning_summary.json
20260915_230741/MountainCar-v0/fixed/exact_td_lambda_0.0/tuning/20260915_232833/MountainCar-v0/best_config.json
20260915_230741/MountainCar-v0/fixed/exact_td_lambda_0.0/tuning/20260915_232833/MountainCar-v0/out.pkl
20260915_230741/MountainCar-v0/fixed/exact_td_lambda_0.0/tuning/20260915_232833/MountainCar-v0/config.json
20260915_230741/MountainCar-v0/fixed/exact_td_lambda_0.0/tuning/20260915_232833/MountainCar-v0/hyperparameter_sweep_nn_weighted_VE.png
20260915_230741/MountainCar-v0/fixed/exact_td_lambda_0.0/tuning/20260915_232833/MountainCar-v0/best_config_seeds.png
20260915_230741/MountainCar-v0/fixed/exact_td_lambda_0.0/tuning/20260915_232833/MountainCar-v0/all_configs_seeds_grid.png
20260915_230741/MountainCar-v0/fixed/exact_E_lambda_0.0/
20260915_230741/MountainCar-v0/fixed/exact_E_lambda_0.0/tuning/
20260915_230741/MountainCar-v0/fixed/exact_E_lambda_0.0/tuning/20260915_232934/
20260915_230741/MountainCar-v0/fixed/exact_E_lambda_0.0/tuning/20260915_232934/MountainCar-v0/
20260915_230741/MountainCar-v0/fixed/exact_E_lambda_0.0/tuning/20260915_232934/MountainCar-v0/tuning_summary.csv
20260915_230741/MountainCar-v0/fixed/exact_E_lambda_0.0/tuning/20260915_232934/MountainCar-v0/tuning_summary.json
20260915_230741/MountainCar-v0/fixed/exact_E_lambda_0.0/tuning/20260915_232934/MountainCar-v0/best_config.json
20260915_230741/MountainCar-v0/fixed/exact_E_lambda_0.0/tuning/20260915_232934/MountainCar-v0/out.pkl
20260915_230741/MountainCar-v0/fixed/exact_E_lambda_0.0/tuning/20260915_232934/MountainCar-v0/config.json
20260915_230741/MountainCar-v0/fixed/exact_E_lambda_0.0/tuning/20260915_232934/MountainCar-v0/hyperparameter_sweep_nn_weighted_VE.png
20260915_230741/MountainCar-v0/fixed/exact_E_lambda_0.0/tuning/20260915_232934/MountainCar-v0/best_config_seeds.png
20260915_230741/MountainCar-v0/fixed/exact_E_lambda_0.0/tuning/20260915_232934/MountainCar-v0/all_configs_seeds_grid.png
20260915_230741/MountainCar-v0/fixed/exact_td_lambda_0.5/
20260915_230741/MountainCar-v0/fixed/exact_td_lambda_0.5/tuning/
20260915_230741/MountainCar-v0/fixed/exact_td_lambda_0.5/tuning/20260915_233008/
20260915_230741/MountainCar-v0/fixed/exact_td_lambda_0.5/tuning/20260915_233008/MountainCar-v0/
20260915_230741/MountainCar-v0/fixed/exact_td_lambda_0.5/tuning/20260915_233008/MountainCar-v0/tuning_summary.csv
20260915_230741/MountainCar-v0/fixed/exact_td_lambda_0.5/tuning/20260915_233008/MountainCar-v0/tuning_summary.json
20260915_230741/MountainCar-v0/fixed/exact_td_lambda_0.5/tuning/20260915_233008/MountainCar-v0/best_config.json
20260915_230741/MountainCar-v0/fixed/exact_td_lambda_0.5/tuning/20260915_233008/MountainCar-v0/out.pkl
20260915_230741/MountainCar-v0/fixed/exact_td_lambda_0.5/tuning/20260915_233008/MountainCar-v0/config.json
20260915_230741/MountainCar-v0/fixed/exact_td_lambda_0.5/tuning/20260915_233008/MountainCar-v0/hyperparameter_sweep_nn_weighted_VE.png
20260915_230741/MountainCar-v0/fixed/exact_td_lambda_0.5/tuning/20260915_233008/MountainCar-v0/best_config_seeds.png
20260915_230741/MountainCar-v0/fixed/exact_td_lambda_0.5/tuning/20260915_233008/MountainCar-v0/all_configs_seeds_grid.png
20260915_230741/MountainCar-v0/fixed/exact_td_lambda_0.9/
20260915_230741/MountainCar-v0/fixed/exact_td_lambda_0.9/tuning/
20260915_230741/MountainCar-v0/fixed/exact_td_lambda_0.9/tuning/20260915_233114/
20260915_230741/MountainCar-v0/fixed/exact_td_lambda_0.9/tuning/20260915_233114/MountainCar-v0/
20260915_230741/MountainCar-v0/fixed/exact_td_lambda_0.9/tuning/20260915_233114/MountainCar-v0/tuning_summary.csv
20260915_230741/MountainCar-v0/fixed/exact_td_lambda_0.9/tuning/20260915_233114/MountainCar-v0/tuning_summary.json
20260915_230741/MountainCar-v0/fixed/exact_td_lambda_0.9/tuning/20260915_233114/MountainCar-v0/best_config.json
20260915_230741/MountainCar-v0/fixed/exact_td_lambda_0.9/tuning/20260915_233114/MountainCar-v0/out.pkl
20260915_230741/MountainCar-v0/fixed/exact_td_lambda_0.9/tuning/20260915_233114/MountainCar-v0/config.json
20260915_230741/MountainCar-v0/fixed/exact_td_lambda_0.9/tuning/20260915_233114/MountainCar-v0/hyperparameter_sweep_nn_weighted_VE.png
20260915_230741/MountainCar-v0/fixed/exact_td_lambda_0.9/tuning/20260915_233114/MountainCar-v0/best_config_seeds.png
20260915_230741/MountainCar-v0/fixed/exact_td_lambda_0.9/tuning/20260915_233114/MountainCar-v0/all_configs_seeds_grid.png
20260915_230741/MountainCar-v0/fixed/exact_E_lambda_0.5/
20260915_230741/MountainCar-v0/fixed/exact_E_lambda_0.5/tuning/
20260915_230741/MountainCar-v0/fixed/exact_E_lambda_0.5/tuning/20260915_233117/
20260915_230741/MountainCar-v0/fixed/exact_E_lambda_0.5/tuning/20260915_233117/MountainCar-v0/
20260915_230741/MountainCar-v0/fixed/exact_E_lambda_0.5/tuning/20260915_233117/MountainCar-v0/tuning_summary.csv
20260915_230741/MountainCar-v0/fixed/exact_E_lambda_0.5/tuning/20260915_233117/MountainCar-v0/tuning_summary.json
20260915_230741/MountainCar-v0/fixed/exact_E_lambda_0.5/tuning/20260915_233117/MountainCar-v0/best_config.json
20260915_230741/MountainCar-v0/fixed/exact_E_lambda_0.5/tuning/20260915_233117/MountainCar-v0/out.pkl
20260915_230741/MountainCar-v0/fixed/exact_E_lambda_0.5/tuning/20260915_233117/MountainCar-v0/config.json
20260915_230741/MountainCar-v0/fixed/exact_E_lambda_0.5/tuning/20260915_233117/MountainCar-v0/hyperparameter_sweep_nn_weighted_VE.png
20260915_230741/MountainCar-v0/fixed/exact_E_lambda_0.5/tuning/20260915_233117/MountainCar-v0/best_config_seeds.png
20260915_230741/MountainCar-v0/fixed/exact_E_lambda_0.5/tuning/20260915_233117/MountainCar-v0/all_configs_seeds_grid.png
20260915_230741/MountainCar-v0/fixed/exact_td_lambda_0.95/
20260915_230741/MountainCar-v0/fixed/exact_td_lambda_0.95/tuning/
20260915_230741/MountainCar-v0/fixed/exact_td_lambda_0.95/tuning/20260915_233219/
20260915_230741/MountainCar-v0/fixed/exact_td_lambda_0.95/tuning/20260915_233219/MountainCar-v0/
20260915_230741/MountainCar-v0/fixed/exact_td_lambda_0.95/tuning/20260915_233219/MountainCar-v0/tuning_summary.csv
20260915_230741/MountainCar-v0/fixed/exact_td_lambda_0.95/tuning/20260915_233219/MountainCar-v0/tuning_summary.json
20260915_230741/MountainCar-v0/fixed/exact_td_lambda_0.95/tuning/20260915_233219/MountainCar-v0/best_config.json
20260915_230741/MountainCar-v0/fixed/exact_td_lambda_0.95/tuning/20260915_233219/MountainCar-v0/out.pkl
20260915_230741/MountainCar-v0/fixed/exact_td_lambda_0.95/tuning/20260915_233219/MountainCar-v0/config.json
20260915_230741/MountainCar-v0/fixed/exact_td_lambda_0.95/tuning/20260915_233219/MountainCar-v0/hyperparameter_sweep_nn_weighted_VE.png
20260915_230741/MountainCar-v0/fixed/exact_td_lambda_0.95/tuning/20260915_233219/MountainCar-v0/best_config_seeds.png
20260915_230741/MountainCar-v0/fixed/exact_td_lambda_0.95/tuning/20260915_233219/MountainCar-v0/all_configs_seeds_grid.png
20260915_230741/MountainCar-v0/fixed/exact_E_lambda_0.9/
20260915_230741/MountainCar-v0/fixed/exact_E_lambda_0.9/tuning/
20260915_230741/MountainCar-v0/fixed/exact_E_lambda_0.9/tuning/20260915_233226/
20260915_230741/MountainCar-v0/fixed/exact_E_lambda_0.9/tuning/20260915_233226/MountainCar-v0/
20260915_230741/MountainCar-v0/fixed/exact_E_lambda_0.9/tuning/20260915_233226/MountainCar-v0/tuning_summary.csv
20260915_230741/MountainCar-v0/fixed/exact_E_lambda_0.9/tuning/20260915_233226/MountainCar-v0/tuning_summary.json
20260915_230741/MountainCar-v0/fixed/exact_E_lambda_0.9/tuning/20260915_233226/MountainCar-v0/best_config.json
20260915_230741/MountainCar-v0/fixed/exact_E_lambda_0.9/tuning/20260915_233226/MountainCar-v0/out.pkl
20260915_230741/MountainCar-v0/fixed/exact_E_lambda_0.9/tuning/20260915_233226/MountainCar-v0/config.json
20260915_230741/MountainCar-v0/fixed/exact_E_lambda_0.9/tuning/20260915_233226/MountainCar-v0/hyperparameter_sweep_nn_weighted_VE.png
20260915_230741/MountainCar-v0/fixed/exact_E_lambda_0.9/tuning/20260915_233226/MountainCar-v0/best_config_seeds.png
20260915_230741/MountainCar-v0/fixed/exact_E_lambda_0.9/tuning/20260915_233226/MountainCar-v0/all_configs_seeds_grid.png
20260915_230741/MountainCar-v0/fixed/exact_td_lambda_0.99/
20260915_230741/MountainCar-v0/fixed/exact_td_lambda_0.99/tuning/
20260915_230741/MountainCar-v0/fixed/exact_td_lambda_0.99/tuning/20260915_233325/
20260915_230741/MountainCar-v0/fixed/exact_td_lambda_0.99/tuning/20260915_233325/MountainCar-v0/
20260915_230741/MountainCar-v0/fixed/exact_td_lambda_0.99/tuning/20260915_233325/MountainCar-v0/tuning_summary.csv
20260915_230741/MountainCar-v0/fixed/exact_td_lambda_0.99/tuning/20260915_233325/MountainCar-v0/tuning_summary.json
20260915_230741/MountainCar-v0/fixed/exact_td_lambda_0.99/tuning/20260915_233325/MountainCar-v0/best_config.json
20260915_230741/MountainCar-v0/fixed/exact_td_lambda_0.99/tuning/20260915_233325/MountainCar-v0/out.pkl
20260915_230741/MountainCar-v0/fixed/exact_td_lambda_0.99/tuning/20260915_233325/MountainCar-v0/config.json
20260915_230741/MountainCar-v0/fixed/exact_td_lambda_0.99/tuning/20260915_233325/MountainCar-v0/hyperparameter_sweep_nn_weighted_VE.png
20260915_230741/MountainCar-v0/fixed/exact_td_lambda_0.99/tuning/20260915_233325/MountainCar-v0/best_config_seeds.png
20260915_230741/MountainCar-v0/fixed/exact_td_lambda_0.99/tuning/20260915_233325/MountainCar-v0/all_configs_seeds_grid.png
20260915_230741/MountainCar-v0/fixed/exact_E_lambda_0.95/
20260915_230741/MountainCar-v0/fixed/exact_E_lambda_0.95/tuning/
20260915_230741/MountainCar-v0/fixed/exact_E_lambda_0.95/tuning/20260915_233334/
20260915_230741/MountainCar-v0/fixed/exact_E_lambda_0.95/tuning/20260915_233334/MountainCar-v0/
20260915_230741/MountainCar-v0/fixed/exact_E_lambda_0.95/tuning/20260915_233334/MountainCar-v0/tuning_summary.csv
20260915_230741/MountainCar-v0/fixed/exact_E_lambda_0.95/tuning/20260915_233334/MountainCar-v0/tuning_summary.json
20260915_230741/MountainCar-v0/fixed/exact_E_lambda_0.95/tuning/20260915_233334/MountainCar-v0/best_config.json
20260915_230741/MountainCar-v0/fixed/exact_E_lambda_0.95/tuning/20260915_233334/MountainCar-v0/out.pkl
20260915_230741/MountainCar-v0/fixed/exact_E_lambda_0.95/tuning/20260915_233334/MountainCar-v0/config.json
20260915_230741/MountainCar-v0/fixed/exact_E_lambda_0.95/tuning/20260915_233334/MountainCar-v0/hyperparameter_sweep_nn_weighted_VE.png
20260915_230741/MountainCar-v0/fixed/exact_E_lambda_0.95/tuning/20260915_233334/MountainCar-v0/best_config_seeds.png
20260915_230741/MountainCar-v0/fixed/exact_E_lambda_0.95/tuning/20260915_233334/MountainCar-v0/all_configs_seeds_grid.png
20260915_230741/MountainCar-v0/fixed/exact_E_lambda_0.99/
20260915_230741/MountainCar-v0/fixed/exact_E_lambda_0.99/tuning/
20260915_230741/MountainCar-v0/fixed/exact_E_lambda_0.99/tuning/20260915_233443/
20260915_230741/MountainCar-v0/fixed/exact_E_lambda_0.99/tuning/20260915_233443/MountainCar-v0/
20260915_230741/MountainCar-v0/fixed/exact_E_lambda_0.99/tuning/20260915_233443/MountainCar-v0/tuning_summary.csv
20260915_230741/MountainCar-v0/fixed/exact_E_lambda_0.99/tuning/20260915_233443/MountainCar-v0/tuning_summary.json
20260915_230741/MountainCar-v0/fixed/exact_E_lambda_0.99/tuning/20260915_233443/MountainCar-v0/best_config.json
20260915_230741/MountainCar-v0/fixed/exact_E_lambda_0.99/tuning/20260915_233443/MountainCar-v0/out.pkl
20260915_230741/MountainCar-v0/fixed/exact_E_lambda_0.99/tuning/20260915_233443/MountainCar-v0/config.json
20260915_230741/MountainCar-v0/fixed/exact_E_lambda_0.99/tuning/20260915_233443/MountainCar-v0/hyperparameter_sweep_nn_weighted_VE.png
20260915_230741/MountainCar-v0/fixed/exact_E_lambda_0.99/tuning/20260915_233443/MountainCar-v0/best_config_seeds.png
20260915_230741/MountainCar-v0/fixed/exact_E_lambda_0.99/tuning/20260915_233443/MountainCar-v0/all_configs_seeds_grid.png
20260915_230741/MountainCar-v0/fixed/comparison/
20260915_230741/MountainCar-v0/fixed/comparison/comparison_summary.csv
20260915_230741/MountainCar-v0/fixed/comparison/lambda_comparison_plot.png
20260915_230741/MountainCar-v0/random/
20260915_230741/MountainCar-v0/random/exact_td_lambda_0.0/
20260915_230741/MountainCar-v0/random/exact_td_lambda_0.0/tuning/
20260915_230741/MountainCar-v0/random/exact_td_lambda_0.0/tuning/20260915_233503/
20260915_230741/MountainCar-v0/random/exact_td_lambda_0.0/tuning/20260915_233503/MountainCar-v0/
20260915_230741/MountainCar-v0/random/exact_td_lambda_0.0/tuning/20260915_233503/MountainCar-v0/tuning_summary.csv
20260915_230741/MountainCar-v0/random/exact_td_lambda_0.0/tuning/20260915_233503/MountainCar-v0/tuning_summary.json
20260915_230741/MountainCar-v0/random/exact_td_lambda_0.0/tuning/20260915_233503/MountainCar-v0/best_config.json
20260915_230741/MountainCar-v0/random/exact_td_lambda_0.0/tuning/20260915_233503/MountainCar-v0/out.pkl
20260915_230741/MountainCar-v0/random/exact_td_lambda_0.0/tuning/20260915_233503/MountainCar-v0/config.json
20260915_230741/MountainCar-v0/random/exact_td_lambda_0.0/tuning/20260915_233503/MountainCar-v0/hyperparameter_sweep_nn_weighted_VE.png
20260915_230741/MountainCar-v0/random/exact_td_lambda_0.0/tuning/20260915_233503/MountainCar-v0/best_config_seeds.png
20260915_230741/MountainCar-v0/random/exact_td_lambda_0.0/tuning/20260915_233503/MountainCar-v0/all_configs_seeds_grid.png
20260915_230741/MountainCar-v0/random/exact_E_lambda_0.0/
20260915_230741/MountainCar-v0/random/exact_E_lambda_0.0/tuning/
20260915_230741/MountainCar-v0/random/exact_E_lambda_0.0/tuning/20260915_233605/
20260915_230741/MountainCar-v0/random/exact_E_lambda_0.0/tuning/20260915_233605/MountainCar-v0/
20260915_230741/MountainCar-v0/random/exact_E_lambda_0.0/tuning/20260915_233605/MountainCar-v0/tuning_summary.csv
20260915_230741/MountainCar-v0/random/exact_E_lambda_0.0/tuning/20260915_233605/MountainCar-v0/tuning_summary.json
20260915_230741/MountainCar-v0/random/exact_E_lambda_0.0/tuning/20260915_233605/MountainCar-v0/best_config.json
20260915_230741/MountainCar-v0/random/exact_E_lambda_0.0/tuning/20260915_233605/MountainCar-v0/out.pkl
20260915_230741/MountainCar-v0/random/exact_E_lambda_0.0/tuning/20260915_233605/MountainCar-v0/config.json
20260915_230741/MountainCar-v0/random/exact_E_lambda_0.0/tuning/20260915_233605/MountainCar-v0/hyperparameter_sweep_nn_weighted_VE.png
20260915_230741/MountainCar-v0/random/exact_E_lambda_0.0/tuning/20260915_233605/MountainCar-v0/best_config_seeds.png
20260915_230741/MountainCar-v0/random/exact_E_lambda_0.0/tuning/20260915_233605/MountainCar-v0/all_configs_seeds_grid.png
20260915_230741/MountainCar-v0/random/exact_td_lambda_0.5/
20260915_230741/MountainCar-v0/random/exact_td_lambda_0.5/tuning/
20260915_230741/MountainCar-v0/random/exact_td_lambda_0.5/tuning/20260915_233637/
20260915_230741/MountainCar-v0/random/exact_td_lambda_0.5/tuning/20260915_233637/MountainCar-v0/
20260915_230741/MountainCar-v0/random/exact_td_lambda_0.5/tuning/20260915_233637/MountainCar-v0/tuning_summary.csv
20260915_230741/MountainCar-v0/random/exact_td_lambda_0.5/tuning/20260915_233637/MountainCar-v0/tuning_summary.json
20260915_230741/MountainCar-v0/random/exact_td_lambda_0.5/tuning/20260915_233637/MountainCar-v0/best_config.json
20260915_230741/MountainCar-v0/random/exact_td_lambda_0.5/tuning/20260915_233637/MountainCar-v0/out.pkl
20260915_230741/MountainCar-v0/random/exact_td_lambda_0.5/tuning/20260915_233637/MountainCar-v0/config.json
20260915_230741/MountainCar-v0/random/exact_td_lambda_0.5/tuning/20260915_233637/MountainCar-v0/hyperparameter_sweep_nn_weighted_VE.png
20260915_230741/MountainCar-v0/random/exact_td_lambda_0.5/tuning/20260915_233637/MountainCar-v0/best_config_seeds.png
20260915_230741/MountainCar-v0/random/exact_td_lambda_0.5/tuning/20260915_233637/MountainCar-v0/all_configs_seeds_grid.png
20260915_230741/MountainCar-v0/random/exact_td_lambda_0.9/
20260915_230741/MountainCar-v0/random/exact_td_lambda_0.9/tuning/
20260915_230741/MountainCar-v0/random/exact_td_lambda_0.9/tuning/20260915_233744/
20260915_230741/MountainCar-v0/random/exact_td_lambda_0.9/tuning/20260915_233744/MountainCar-v0/
20260915_230741/MountainCar-v0/random/exact_td_lambda_0.9/tuning/20260915_233744/MountainCar-v0/tuning_summary.csv
20260915_230741/MountainCar-v0/random/exact_td_lambda_0.9/tuning/20260915_233744/MountainCar-v0/tuning_summary.json
20260915_230741/MountainCar-v0/random/exact_td_lambda_0.9/tuning/20260915_233744/MountainCar-v0/best_config.json
20260915_230741/MountainCar-v0/random/exact_td_lambda_0.9/tuning/20260915_233744/MountainCar-v0/out.pkl
20260915_230741/MountainCar-v0/random/exact_td_lambda_0.9/tuning/20260915_233744/MountainCar-v0/config.json
20260915_230741/MountainCar-v0/random/exact_td_lambda_0.9/tuning/20260915_233744/MountainCar-v0/hyperparameter_sweep_nn_weighted_VE.png
20260915_230741/MountainCar-v0/random/exact_td_lambda_0.9/tuning/20260915_233744/MountainCar-v0/best_config_seeds.png
20260915_230741/MountainCar-v0/random/exact_td_lambda_0.9/tuning/20260915_233744/MountainCar-v0/all_configs_seeds_grid.png
20260915_230741/MountainCar-v0/random/exact_E_lambda_0.5/
20260915_230741/MountainCar-v0/random/exact_E_lambda_0.5/tuning/
20260915_230741/MountainCar-v0/random/exact_E_lambda_0.5/tuning/20260915_233747/
20260915_230741/MountainCar-v0/random/exact_E_lambda_0.5/tuning/20260915_233747/MountainCar-v0/
20260915_230741/MountainCar-v0/random/exact_E_lambda_0.5/tuning/20260915_233747/MountainCar-v0/tuning_summary.csv
20260915_230741/MountainCar-v0/random/exact_E_lambda_0.5/tuning/20260915_233747/MountainCar-v0/tuning_summary.json
20260915_230741/MountainCar-v0/random/exact_E_lambda_0.5/tuning/20260915_233747/MountainCar-v0/best_config.json
20260915_230741/MountainCar-v0/random/exact_E_lambda_0.5/tuning/20260915_233747/MountainCar-v0/out.pkl
20260915_230741/MountainCar-v0/random/exact_E_lambda_0.5/tuning/20260915_233747/MountainCar-v0/config.json
20260915_230741/MountainCar-v0/random/exact_E_lambda_0.5/tuning/20260915_233747/MountainCar-v0/hyperparameter_sweep_nn_weighted_VE.png
20260915_230741/MountainCar-v0/random/exact_E_lambda_0.5/tuning/20260915_233747/MountainCar-v0/best_config_seeds.png
20260915_230741/MountainCar-v0/random/exact_E_lambda_0.5/tuning/20260915_233747/MountainCar-v0/all_configs_seeds_grid.png
20260915_230741/MountainCar-v0/random/exact_td_lambda_0.95/
20260915_230741/MountainCar-v0/random/exact_td_lambda_0.95/tuning/
20260915_230741/MountainCar-v0/random/exact_td_lambda_0.95/tuning/20260915_233851/
20260915_230741/MountainCar-v0/random/exact_td_lambda_0.95/tuning/20260915_233851/MountainCar-v0/
20260915_230741/MountainCar-v0/random/exact_td_lambda_0.95/tuning/20260915_233851/MountainCar-v0/tuning_summary.csv
20260915_230741/MountainCar-v0/random/exact_td_lambda_0.95/tuning/20260915_233851/MountainCar-v0/tuning_summary.json
20260915_230741/MountainCar-v0/random/exact_td_lambda_0.95/tuning/20260915_233851/MountainCar-v0/best_config.json
20260915_230741/MountainCar-v0/random/exact_td_lambda_0.95/tuning/20260915_233851/MountainCar-v0/out.pkl
20260915_230741/MountainCar-v0/random/exact_td_lambda_0.95/tuning/20260915_233851/MountainCar-v0/config.json
20260915_230741/MountainCar-v0/random/exact_td_lambda_0.95/tuning/20260915_233851/MountainCar-v0/hyperparameter_sweep_nn_weighted_VE.png
20260915_230741/MountainCar-v0/random/exact_td_lambda_0.95/tuning/20260915_233851/MountainCar-v0/best_config_seeds.png
20260915_230741/MountainCar-v0/random/exact_td_lambda_0.95/tuning/20260915_233851/MountainCar-v0/all_configs_seeds_grid.png
20260915_230741/MountainCar-v0/random/exact_E_lambda_0.9/
20260915_230741/MountainCar-v0/random/exact_E_lambda_0.9/tuning/
20260915_230741/MountainCar-v0/random/exact_E_lambda_0.9/tuning/20260915_233858/
20260915_230741/MountainCar-v0/random/exact_E_lambda_0.9/tuning/20260915_233858/MountainCar-v0/
20260915_230741/MountainCar-v0/random/exact_E_lambda_0.9/tuning/20260915_233858/MountainCar-v0/tuning_summary.csv
20260915_230741/MountainCar-v0/random/exact_E_lambda_0.9/tuning/20260915_233858/MountainCar-v0/tuning_summary.json
20260915_230741/MountainCar-v0/random/exact_E_lambda_0.9/tuning/20260915_233858/MountainCar-v0/best_config.json
20260915_230741/MountainCar-v0/random/exact_E_lambda_0.9/tuning/20260915_233858/MountainCar-v0/out.pkl
20260915_230741/MountainCar-v0/random/exact_E_lambda_0.9/tuning/20260915_233858/MountainCar-v0/config.json
20260915_230741/MountainCar-v0/random/exact_E_lambda_0.9/tuning/20260915_233858/MountainCar-v0/hyperparameter_sweep_nn_weighted_VE.png
20260915_230741/MountainCar-v0/random/exact_E_lambda_0.9/tuning/20260915_233858/MountainCar-v0/best_config_seeds.png
20260915_230741/MountainCar-v0/random/exact_E_lambda_0.9/tuning/20260915_233858/MountainCar-v0/all_configs_seeds_grid.png
20260915_230741/MountainCar-v0/random/exact_td_lambda_0.99/
20260915_230741/MountainCar-v0/random/exact_td_lambda_0.99/tuning/
20260915_230741/MountainCar-v0/random/exact_td_lambda_0.99/tuning/20260915_233958/
20260915_230741/MountainCar-v0/random/exact_td_lambda_0.99/tuning/20260915_233958/MountainCar-v0/
20260915_230741/MountainCar-v0/random/exact_td_lambda_0.99/tuning/20260915_233958/MountainCar-v0/tuning_summary.csv
20260915_230741/MountainCar-v0/random/exact_td_lambda_0.99/tuning/20260915_233958/MountainCar-v0/tuning_summary.json
20260915_230741/MountainCar-v0/random/exact_td_lambda_0.99/tuning/20260915_233958/MountainCar-v0/best_config.json
20260915_230741/MountainCar-v0/random/exact_td_lambda_0.99/tuning/20260915_233958/MountainCar-v0/out.pkl
20260915_230741/MountainCar-v0/random/exact_td_lambda_0.99/tuning/20260915_233958/MountainCar-v0/config.json
20260915_230741/MountainCar-v0/random/exact_td_lambda_0.99/tuning/20260915_233958/MountainCar-v0/hyperparameter_sweep_nn_weighted_VE.png
20260915_230741/MountainCar-v0/random/exact_td_lambda_0.99/tuning/20260915_233958/MountainCar-v0/best_config_seeds.png
20260915_230741/MountainCar-v0/random/exact_td_lambda_0.99/tuning/20260915_233958/MountainCar-v0/all_configs_seeds_grid.png
20260915_230741/MountainCar-v0/random/exact_E_lambda_0.95/
20260915_230741/MountainCar-v0/random/exact_E_lambda_0.95/tuning/
20260915_230741/MountainCar-v0/random/exact_E_lambda_0.95/tuning/20260915_234008/
20260915_230741/MountainCar-v0/random/exact_E_lambda_0.95/tuning/20260915_234008/MountainCar-v0/
20260915_230741/MountainCar-v0/random/exact_E_lambda_0.95/tuning/20260915_234008/MountainCar-v0/tuning_summary.csv
20260915_230741/MountainCar-v0/random/exact_E_lambda_0.95/tuning/20260915_234008/MountainCar-v0/tuning_summary.json
20260915_230741/MountainCar-v0/random/exact_E_lambda_0.95/tuning/20260915_234008/MountainCar-v0/best_config.json
20260915_230741/MountainCar-v0/random/exact_E_lambda_0.95/tuning/20260915_234008/MountainCar-v0/out.pkl
20260915_230741/MountainCar-v0/random/exact_E_lambda_0.95/tuning/20260915_234008/MountainCar-v0/config.json
20260915_230741/MountainCar-v0/random/exact_E_lambda_0.95/tuning/20260915_234008/MountainCar-v0/hyperparameter_sweep_nn_weighted_VE.png
20260915_230741/MountainCar-v0/random/exact_E_lambda_0.95/tuning/20260915_234008/MountainCar-v0/best_config_seeds.png
20260915_230741/MountainCar-v0/random/exact_E_lambda_0.95/tuning/20260915_234008/MountainCar-v0/all_configs_seeds_grid.png
20260915_230741/MountainCar-v0/random/exact_E_lambda_0.99/
20260915_230741/MountainCar-v0/random/exact_E_lambda_0.99/tuning/
20260915_230741/MountainCar-v0/random/exact_E_lambda_0.99/tuning/20260915_234118/
20260915_230741/MountainCar-v0/random/exact_E_lambda_0.99/tuning/20260915_234118/MountainCar-v0/
20260915_230741/MountainCar-v0/random/exact_E_lambda_0.99/tuning/20260915_234118/MountainCar-v0/tuning_summary.csv
20260915_230741/MountainCar-v0/random/exact_E_lambda_0.99/tuning/20260915_234118/MountainCar-v0/tuning_summary.json
20260915_230741/MountainCar-v0/random/exact_E_lambda_0.99/tuning/20260915_234118/MountainCar-v0/best_config.json
20260915_230741/MountainCar-v0/random/exact_E_lambda_0.99/tuning/20260915_234118/MountainCar-v0/out.pkl
20260915_230741/MountainCar-v0/random/exact_E_lambda_0.99/tuning/20260915_234118/MountainCar-v0/config.json
20260915_230741/MountainCar-v0/random/exact_E_lambda_0.99/tuning/20260915_234118/MountainCar-v0/hyperparameter_sweep_nn_weighted_VE.png
20260915_230741/MountainCar-v0/random/exact_E_lambda_0.99/tuning/20260915_234118/MountainCar-v0/best_config_seeds.png
20260915_230741/MountainCar-v0/random/exact_E_lambda_0.99/tuning/20260915_234118/MountainCar-v0/all_configs_seeds_grid.png
20260915_230741/MountainCar-v0/random/comparison/
20260915_230741/MountainCar-v0/random/comparison/comparison_summary.csv
20260915_230741/MountainCar-v0/random/comparison/lambda_comparison_plot.png
20260915_230741/MountainCar-v0/ppo/
20260915_230741/MountainCar-v0/ppo/exact_td_lambda_0.0/
20260915_230741/MountainCar-v0/ppo/exact_td_lambda_0.0/tuning/
20260915_230741/MountainCar-v0/ppo/exact_td_lambda_0.0/tuning/20260915_234133/
20260915_230741/MountainCar-v0/ppo/exact_td_lambda_0.0/tuning/20260915_234133/MountainCar-v0/
20260915_230741/MountainCar-v0/ppo/exact_td_lambda_0.0/tuning/20260915_234133/MountainCar-v0/tuning_summary.csv
20260915_230741/MountainCar-v0/ppo/exact_td_lambda_0.0/tuning/20260915_234133/MountainCar-v0/tuning_summary.json
20260915_230741/MountainCar-v0/ppo/exact_td_lambda_0.0/tuning/20260915_234133/MountainCar-v0/best_config.json
20260915_230741/MountainCar-v0/ppo/exact_td_lambda_0.0/tuning/20260915_234133/MountainCar-v0/out.pkl
20260915_230741/MountainCar-v0/ppo/exact_td_lambda_0.0/tuning/20260915_234133/MountainCar-v0/config.json
20260915_230741/MountainCar-v0/ppo/exact_td_lambda_0.0/tuning/20260915_234133/MountainCar-v0/hyperparameter_sweep_V_start.png
20260915_230741/MountainCar-v0/ppo/exact_td_lambda_0.0/tuning/20260915_234133/MountainCar-v0/best_config_seeds.png
20260915_230741/MountainCar-v0/ppo/exact_td_lambda_0.0/tuning/20260915_234133/MountainCar-v0/all_configs_seeds_grid.png
20260915_230741/MountainCar-v0/ppo/exact_E_lambda_0.0/
20260915_230741/MountainCar-v0/ppo/exact_E_lambda_0.0/tuning/
20260915_230741/MountainCar-v0/ppo/exact_E_lambda_0.0/tuning/20260915_234305/
20260915_230741/MountainCar-v0/ppo/exact_E_lambda_0.0/tuning/20260915_234305/MountainCar-v0/
20260915_230741/MountainCar-v0/ppo/exact_E_lambda_0.0/tuning/20260915_234305/MountainCar-v0/tuning_summary.csv
20260915_230741/MountainCar-v0/ppo/exact_E_lambda_0.0/tuning/20260915_234305/MountainCar-v0/tuning_summary.json
20260915_230741/MountainCar-v0/ppo/exact_E_lambda_0.0/tuning/20260915_234305/MountainCar-v0/best_config.json
20260915_230741/MountainCar-v0/ppo/exact_E_lambda_0.0/tuning/20260915_234305/MountainCar-v0/out.pkl
20260915_230741/MountainCar-v0/ppo/exact_E_lambda_0.0/tuning/20260915_234305/MountainCar-v0/config.json
20260915_230741/MountainCar-v0/ppo/exact_E_lambda_0.0/tuning/20260915_234305/MountainCar-v0/hyperparameter_sweep_V_start.png
20260915_230741/MountainCar-v0/ppo/exact_E_lambda_0.0/tuning/20260915_234305/MountainCar-v0/best_config_seeds.png
20260915_230741/MountainCar-v0/ppo/exact_E_lambda_0.0/tuning/20260915_234305/MountainCar-v0/all_configs_seeds_grid.png
20260915_230741/MountainCar-v0/ppo/exact_td_lambda_0.5/
20260915_230741/MountainCar-v0/ppo/exact_td_lambda_0.5/tuning/
20260915_230741/MountainCar-v0/ppo/exact_td_lambda_0.5/tuning/20260915_235636/
20260915_230741/MountainCar-v0/ppo/exact_td_lambda_0.5/tuning/20260915_235636/MountainCar-v0/
20260915_230741/MountainCar-v0/ppo/exact_td_lambda_0.5/tuning/20260915_235636/MountainCar-v0/tuning_summary.csv
20260915_230741/MountainCar-v0/ppo/exact_td_lambda_0.5/tuning/20260915_235636/MountainCar-v0/tuning_summary.json
20260915_230741/MountainCar-v0/ppo/exact_td_lambda_0.5/tuning/20260915_235636/MountainCar-v0/best_config.json
20260915_230741/MountainCar-v0/ppo/exact_td_lambda_0.5/tuning/20260915_235636/MountainCar-v0/out.pkl
20260915_230741/MountainCar-v0/ppo/exact_td_lambda_0.5/tuning/20260915_235636/MountainCar-v0/config.json
20260915_230741/MountainCar-v0/ppo/exact_td_lambda_0.5/tuning/20260915_235636/MountainCar-v0/hyperparameter_sweep_V_start.png
20260915_230741/MountainCar-v0/ppo/exact_td_lambda_0.5/tuning/20260915_235636/MountainCar-v0/best_config_seeds.png
20260915_230741/MountainCar-v0/ppo/exact_td_lambda_0.5/tuning/20260915_235636/MountainCar-v0/all_configs_seeds_grid.png
20260915_230741/MountainCar-v0/ppo/exact_E_lambda_0.5/
20260915_230741/MountainCar-v0/ppo/exact_E_lambda_0.5/tuning/
20260915_230741/MountainCar-v0/ppo/exact_E_lambda_0.5/tuning/20260916_000047/
20260915_230741/MountainCar-v0/ppo/exact_E_lambda_0.5/tuning/20260916_000047/MountainCar-v0/
20260915_230741/MountainCar-v0/ppo/exact_E_lambda_0.5/tuning/20260916_000047/MountainCar-v0/tuning_summary.csv
20260915_230741/MountainCar-v0/ppo/exact_E_lambda_0.5/tuning/20260916_000047/MountainCar-v0/tuning_summary.json
20260915_230741/MountainCar-v0/ppo/exact_E_lambda_0.5/tuning/20260916_000047/MountainCar-v0/best_config.json
20260915_230741/MountainCar-v0/ppo/exact_E_lambda_0.5/tuning/20260916_000047/MountainCar-v0/out.pkl
20260915_230741/MountainCar-v0/ppo/exact_E_lambda_0.5/tuning/20260916_000047/MountainCar-v0/config.json
20260915_230741/MountainCar-v0/ppo/exact_E_lambda_0.5/tuning/20260916_000047/MountainCar-v0/hyperparameter_sweep_V_start.png
20260915_230741/MountainCar-v0/ppo/exact_E_lambda_0.5/tuning/20260916_000047/MountainCar-v0/best_config_seeds.png
20260915_230741/MountainCar-v0/ppo/exact_E_lambda_0.5/tuning/20260916_000047/MountainCar-v0/all_configs_seeds_grid.png
20260915_230741/MountainCar-v0/ppo/exact_td_lambda_0.9/
20260915_230741/MountainCar-v0/ppo/exact_td_lambda_0.9/tuning/
20260915_230741/MountainCar-v0/ppo/exact_td_lambda_0.9/tuning/20260916_001117/
20260915_230741/MountainCar-v0/ppo/exact_td_lambda_0.9/tuning/20260916_001117/MountainCar-v0/
20260915_230741/MountainCar-v0/ppo/exact_td_lambda_0.9/tuning/20260916_001117/MountainCar-v0/tuning_summary.csv
20260915_230741/MountainCar-v0/ppo/exact_td_lambda_0.9/tuning/20260916_001117/MountainCar-v0/tuning_summary.json
20260915_230741/MountainCar-v0/ppo/exact_td_lambda_0.9/tuning/20260916_001117/MountainCar-v0/best_config.json
20260915_230741/MountainCar-v0/ppo/exact_td_lambda_0.9/tuning/20260916_001117/MountainCar-v0/out.pkl
20260915_230741/MountainCar-v0/ppo/exact_td_lambda_0.9/tuning/20260916_001117/MountainCar-v0/config.json
20260915_230741/MountainCar-v0/ppo/exact_td_lambda_0.9/tuning/20260916_001117/MountainCar-v0/hyperparameter_sweep_V_start.png
20260915_230741/MountainCar-v0/ppo/exact_td_lambda_0.9/tuning/20260916_001117/MountainCar-v0/best_config_seeds.png
20260915_230741/MountainCar-v0/ppo/exact_td_lambda_0.9/tuning/20260916_001117/MountainCar-v0/all_configs_seeds_grid.png
20260915_230741/MountainCar-v0/ppo/exact_E_lambda_0.9/
20260915_230741/MountainCar-v0/ppo/exact_E_lambda_0.9/tuning/
20260915_230741/MountainCar-v0/ppo/exact_E_lambda_0.9/tuning/20260916_001755/
20260915_230741/MountainCar-v0/ppo/exact_E_lambda_0.9/tuning/20260916_001755/MountainCar-v0/
20260915_230741/MountainCar-v0/ppo/exact_E_lambda_0.9/tuning/20260916_001755/MountainCar-v0/tuning_summary.csv
20260915_230741/MountainCar-v0/ppo/exact_E_lambda_0.9/tuning/20260916_001755/MountainCar-v0/tuning_summary.json
20260915_230741/MountainCar-v0/ppo/exact_E_lambda_0.9/tuning/20260916_001755/MountainCar-v0/best_config.json
20260915_230741/MountainCar-v0/ppo/exact_E_lambda_0.9/tuning/20260916_001755/MountainCar-v0/out.pkl
20260915_230741/MountainCar-v0/ppo/exact_E_lambda_0.9/tuning/20260916_001755/MountainCar-v0/config.json
20260915_230741/MountainCar-v0/ppo/exact_E_lambda_0.9/tuning/20260916_001755/MountainCar-v0/hyperparameter_sweep_V_start.png
20260915_230741/MountainCar-v0/ppo/exact_E_lambda_0.9/tuning/20260916_001755/MountainCar-v0/best_config_seeds.png
20260915_230741/MountainCar-v0/ppo/exact_E_lambda_0.9/tuning/20260916_001755/MountainCar-v0/all_configs_seeds_grid.png
20260915_230741/MountainCar-v0/ppo/exact_td_lambda_0.95/
20260915_230741/MountainCar-v0/ppo/exact_td_lambda_0.95/tuning/
20260915_230741/MountainCar-v0/ppo/exact_td_lambda_0.95/tuning/20260916_002558/
20260915_230741/MountainCar-v0/ppo/exact_td_lambda_0.95/tuning/20260916_002558/MountainCar-v0/
20260915_230741/MountainCar-v0/ppo/exact_td_lambda_0.95/tuning/20260916_002558/MountainCar-v0/tuning_summary.csv
20260915_230741/MountainCar-v0/ppo/exact_td_lambda_0.95/tuning/20260916_002558/MountainCar-v0/tuning_summary.json
20260915_230741/MountainCar-v0/ppo/exact_td_lambda_0.95/tuning/20260916_002558/MountainCar-v0/best_config.json
20260915_230741/MountainCar-v0/ppo/exact_td_lambda_0.95/tuning/20260916_002558/MountainCar-v0/out.pkl
20260915_230741/MountainCar-v0/ppo/exact_td_lambda_0.95/tuning/20260916_002558/MountainCar-v0/config.json
20260915_230741/MountainCar-v0/ppo/exact_td_lambda_0.95/tuning/20260916_002558/MountainCar-v0/hyperparameter_sweep_V_start.png
20260915_230741/MountainCar-v0/ppo/exact_td_lambda_0.95/tuning/20260916_002558/MountainCar-v0/best_config_seeds.png
20260915_230741/MountainCar-v0/ppo/exact_td_lambda_0.95/tuning/20260916_002558/MountainCar-v0/all_configs_seeds_grid.png
20260915_230741/MountainCar-v0/ppo/exact_E_lambda_0.95/
20260915_230741/MountainCar-v0/ppo/exact_E_lambda_0.95/tuning/
20260915_230741/MountainCar-v0/ppo/exact_E_lambda_0.95/tuning/20260916_003503/
20260915_230741/MountainCar-v0/ppo/exact_E_lambda_0.95/tuning/20260916_003503/MountainCar-v0/
20260915_230741/MountainCar-v0/ppo/exact_E_lambda_0.95/tuning/20260916_003503/MountainCar-v0/tuning_summary.csv
20260915_230741/MountainCar-v0/ppo/exact_E_lambda_0.95/tuning/20260916_003503/MountainCar-v0/tuning_summary.json
20260915_230741/MountainCar-v0/ppo/exact_E_lambda_0.95/tuning/20260916_003503/MountainCar-v0/best_config.json
20260915_230741/MountainCar-v0/ppo/exact_E_lambda_0.95/tuning/20260916_003503/MountainCar-v0/out.pkl
20260915_230741/MountainCar-v0/ppo/exact_E_lambda_0.95/tuning/20260916_003503/MountainCar-v0/config.json
20260915_230741/MountainCar-v0/ppo/exact_E_lambda_0.95/tuning/20260916_003503/MountainCar-v0/hyperparameter_sweep_V_start.png
20260915_230741/MountainCar-v0/ppo/exact_E_lambda_0.95/tuning/20260916_003503/MountainCar-v0/best_config_seeds.png
20260915_230741/MountainCar-v0/ppo/exact_E_lambda_0.95/tuning/20260916_003503/MountainCar-v0/all_configs_seeds_grid.png
20260915_230741/MountainCar-v0/ppo/exact_td_lambda_0.99/
20260915_230741/MountainCar-v0/ppo/exact_td_lambda_0.99/tuning/
20260915_230741/MountainCar-v0/ppo/exact_td_lambda_0.99/tuning/20260916_004038/
20260915_230741/MountainCar-v0/ppo/exact_td_lambda_0.99/tuning/20260916_004038/MountainCar-v0/
20260915_230741/MountainCar-v0/ppo/exact_td_lambda_0.99/tuning/20260916_004038/MountainCar-v0/tuning_summary.csv
20260915_230741/MountainCar-v0/ppo/exact_td_lambda_0.99/tuning/20260916_004038/MountainCar-v0/tuning_summary.json
20260915_230741/MountainCar-v0/ppo/exact_td_lambda_0.99/tuning/20260916_004038/MountainCar-v0/best_config.json
20260915_230741/MountainCar-v0/ppo/exact_td_lambda_0.99/tuning/20260916_004038/MountainCar-v0/out.pkl
20260915_230741/MountainCar-v0/ppo/exact_td_lambda_0.99/tuning/20260916_004038/MountainCar-v0/config.json
20260915_230741/MountainCar-v0/ppo/exact_td_lambda_0.99/tuning/20260916_004038/MountainCar-v0/hyperparameter_sweep_V_start.png
20260915_230741/MountainCar-v0/ppo/exact_td_lambda_0.99/tuning/20260916_004038/MountainCar-v0/best_config_seeds.png
20260915_230741/MountainCar-v0/ppo/exact_td_lambda_0.99/tuning/20260916_004038/MountainCar-v0/all_configs_seeds_grid.png
20260915_230741/MountainCar-v0/ppo/exact_E_lambda_0.99/
20260915_230741/MountainCar-v0/ppo/exact_E_lambda_0.99/tuning/
20260915_230741/MountainCar-v0/ppo/exact_E_lambda_0.99/tuning/20260916_005211/
20260915_230741/MountainCar-v0/ppo/exact_E_lambda_0.99/tuning/20260916_005211/MountainCar-v0/
20260915_230741/MountainCar-v0/ppo/exact_E_lambda_0.99/tuning/20260916_005211/MountainCar-v0/tuning_summary.csv
20260915_230741/MountainCar-v0/ppo/exact_E_lambda_0.99/tuning/20260916_005211/MountainCar-v0/tuning_summary.json
20260915_230741/MountainCar-v0/ppo/exact_E_lambda_0.99/tuning/20260916_005211/MountainCar-v0/best_config.json
20260915_230741/MountainCar-v0/ppo/exact_E_lambda_0.99/tuning/20260916_005211/MountainCar-v0/out.pkl
20260915_230741/MountainCar-v0/ppo/exact_E_lambda_0.99/tuning/20260916_005211/MountainCar-v0/config.json
20260915_230741/MountainCar-v0/ppo/exact_E_lambda_0.99/tuning/20260916_005211/MountainCar-v0/hyperparameter_sweep_V_start.png
20260915_230741/MountainCar-v0/ppo/exact_E_lambda_0.99/tuning/20260916_005211/MountainCar-v0/best_config_seeds.png
20260915_230741/MountainCar-v0/ppo/exact_E_lambda_0.99/tuning/20260916_005211/MountainCar-v0/all_configs_seeds_grid.png
20260915_230741/MountainCar-v0/ppo/comparison/
20260915_230741/MountainCar-v0/ppo/comparison/comparison_summary.csv
Compression complete: results/lambda_sweep/lambda_sweep_20260915_230741.tar.gz
